latitude,longitude,bright_ti4,scan,track,acq_date,acq_time,satellite,instrument,confidence,version,bright_ti5,frp,daynight
18.83257,105.5247,331.35,0.38,0.36,2026-09-27,625,N,VIIRS,n,2.0NRT,298.07,1.48,D
19.29592,105.0826,342.89,0.38,0.36,2026-09-27,625,N,VIIRS,n,2.0NRT,297.28,5.4,D
19.33262,105.78944,332.95,0.39,0.36,2026-09-27,625,N,VIIRS,n,2.0NRT,302.27,4.25,D
19.50068,105.62254,343.94,0.38,0.36,2026-09-27,625,N,VIIRS,n,2.0NRT,299.27,4.69,D
19.55855,105.60482,343.5,0.38,0.36,2026-09-27,625,N,VIIRS,n,2.0NRT,298.84,3.63,D
19.65596,99.54655,328.15,0.41,0.45,2026-09-27,625,N,VIIRS,n,2.0NRT,295.04,2.84,D
19.715,105.43223,333.81,0.38,0.36,2026-09-27,625,N,VIIRS,n,2.0NRT,298.1,2.58,D
19.7783,105.38032,342.47,0.38,0.36,2026-09-27,625,N,VIIRS,n,2.0NRT,298.16,7.63,D
19.82253,105.18177,330.33,0.38,0.36,2026-09-27,625,N,VIIRS,n,2.0NRT,295.65,2.16,D
19.83517,96.06129,340.01,0.34,0.56,2026-09-27,625,N,VIIRS,n,2.0NRT,293.68,2.24,D
20.47768,100.12143,345.9,0.56,0.43,2026-09-27,625,N,VIIRS,n,2.0NRT,297.72,10.71,D
20.72335,103.85927,328.11,0.39,0.36,2026-09-27,625,N,VIIRS,n,2.0NRT,293.38,2.14,D
20.98818,104.99267,331.11,0.38,0.36,2026-09-27,625,N,VIIRS,n,2.0NRT,294.74,3.48,D
21.13439,105.03947,337.62,0.38,0.36,2026-09-27,625,N,VIIRS,n,2.0NRT,295.89,3.43,D
21.23038,104.87114,334.97,0.38,0.36,2026-09-27,625,N,VIIRS,n,2.0NRT,294.58,4.08,D
21.29965,100.73087,339.8,0.5,0.41,2026-09-27,625,N,VIIRS,n,2.0NRT,298.03,27.52,D
21.2997,100.73305,333.15,0.5,0.41,2026-09-27,625,N,VIIRS,n,2.0NRT,298.03,24.85,D
21.32897,100.52812,332.72,0.51,0.41,2026-09-27,625,N,VIIRS,n,2.0NRT,296.2,4.36,D
21.56713,105.99129,343.09,0.39,0.36,2026-09-27,625,N,VIIRS,n,2.0NRT,296.4,14.23,D
21.70445,105.38791,333.79,0.39,0.36,2026-09-27,625,N,VIIRS,n,2.0NRT,295.96,4.02,D
21.82852,105.44684,335.72,0.39,0.36,2026-09-27,625,N,VIIRS,n,2.0NRT,297.65,4.47,D
21.97974,105.5123,340.93,0.39,0.36,2026-09-27,625,N,VIIRS,n,2.0NRT,296.45,7.37,D
22.05988,104.409,331.99,0.38,0.36,2026-09-27,625,N,VIIRS,n,2.0NRT,295.97,2.16,D
22.12886,105.10457,332.69,0.39,0.36,2026-09-27,625,N,VIIRS,n,2.0NRT,296.49,1.45,D
22.17386,99.15821,335.65,0.4,0.44,2026-09-27,625,N,VIIRS,n,2.0NRT,303.11,4.98,D
22.31225,100.18485,327.2,0.52,0.41,2026-09-27,625,N,VIIRS,n,2.0NRT,295.14,2.35,D
22.46859,105.00309,332.35,0.39,0.36,2026-09-27,625,N,VIIRS,n,2.0NRT,295.76,2.76,D
22.50535,101.52197,333.62,0.45,0.39,2026-09-27,625,N,VIIRS,n,2.0NRT,297.43,5.13,D
22.54546,98.31825,326.61,0.44,0.46,2026-09-27,625,N,VIIRS,n,2.0NRT,299.64,2.93,D
22.54626,98.3224,331.16,0.44,0.46,2026-09-27,625,N,VIIRS,n,2.0NRT,296.83,2.93,D
22.56505,100.35446,332.31,0.5,0.41,2026-09-27,625,N,VIIRS,n,2.0NRT,294.92,4.13,D
22.61766,102.64827,335.3,0.41,0.37,2026-09-27,625,N,VIIRS,n,2.0NRT,297.26,5.04,D
22.66217,99.96689,331.7,0.53,0.42,2026-09-27,625,N,VIIRS,n,2.0NRT,293.57,13.25,D
22.76726,101.95193,332.37,0.43,0.38,2026-09-27,625,N,VIIRS,n,2.0NRT,289.48,3.57,D
22.77983,105.00179,340.61,0.39,0.36,2026-09-27,625,N,VIIRS,n,2.0NRT,296.85,3.31,D
23.22648,98.78752,328.96,0.4,0.44,2026-09-27,627,N,VIIRS,n,2.0NRT,295.64,2.77,D
23.22677,98.78748,329.04,0.4,0.44,2026-09-27,627,N,VIIRS,n,2.0NRT,295.6,3.17,D
24.01325,97.88304,329.07,0.44,0.46,2026-09-27,627,N,VIIRS,n,2.0NRT,298.91,2.0,D
24.17416,99.39166,335.34,0.53,0.42,2026-09-27,627,N,VIIRS,n,2.0NRT,301.8,3.91,D
24.21266,103.37917,332.43,0.39,0.36,2026-09-27,627,N,VIIRS,n,2.0NRT,295.81,3.35,D
24.26733,94.42451,329.45,0.35,0.57,2026-09-27,627,N,VIIRS,n,2.0NRT,293.13,1.8,D
24.51139,104.34641,340.52,0.38,0.36,2026-09-27,627,N,VIIRS,n,2.0NRT,303.25,5.47,D
24.53188,104.36979,335.59,0.38,0.36,2026-09-27,627,N,VIIRS,n,2.0NRT,301.88,4.78,D
24.53268,104.21855,332.01,0.38,0.36,2026-09-27,627,N,VIIRS,n,2.0NRT,299.79,3.67,D
24.54056,105.79382,346.66,0.4,0.37,2026-09-27,627,N,VIIRS,n,2.0NRT,301.03,8.31,D
24.54394,105.79322,341.26,0.4,0.37,2026-09-27,627,N,VIIRS,n,2.0NRT,305.56,37.41,D
24.55876,104.90984,333.08,0.39,0.36,2026-09-27,627,N,VIIRS,n,2.0NRT,297.08,2.99,D
24.62692,104.84715,330.78,0.39,0.36,2026-09-27,627,N,VIIRS,n,2.0NRT,301.66,2.71,D
24.62896,104.20467,330.74,0.38,0.36,2026-09-27,627,N,VIIRS,n,2.0NRT,294.32,3.81,D
24.69864,104.76003,338.18,0.39,0.36,2026-09-27,627,N,VIIRS,n,2.0NRT,299.93,3.75,D
24.95971,104.67068,334.86,0.39,0.36,2026-09-27,627,N,VIIRS,n,2.0NRT,300.6,3.52,D
25.88887,105.39724,350.47,0.4,0.37,2026-09-27,627,N,VIIRS,n,2.0NRT,306.31,7.05,D
23.10931,94.7502,304.48,0.39,0.59,2026-09-27,1851,N,VIIRS,n,2.0NRT,291.72,0.33,N
23.35843,104.2184,301.11,0.39,0.36,2026-09-27,1851,N,VIIRS,n,2.0NRT,289.88,0.36,N
23.50319,103.16579,306.63,0.41,0.37,2026-09-27,1851,N,VIIRS,n,2.0NRT,291.19,2.51,N
23.76359,103.66807,300.26,0.4,0.37,2026-09-27,1851,N,VIIRS,n,2.0NRT,289.9,1.68,N
24.91604,99.09489,298.62,0.44,0.46,2026-09-27,1851,N,VIIRS,n,2.0NRT,288.32,0.51,N
24.91675,99.09708,300.01,0.44,0.46,2026-09-27,1851,N,VIIRS,n,2.0NRT,288.25,0.24,N
18.93681,105.06705,308.95,0.39,0.36,2026-09-27,1853,N,VIIRS,n,2.0NRT,293.15,1.07,N
18.93795,105.35268,312.72,0.4,0.37,2026-09-27,1853,N,VIIRS,n,2.0NRT,294.0,3.23,N
19.27496,105.7063,310.32,0.4,0.37,2026-09-27,1853,N,VIIRS,n,2.0NRT,294.1,1.58,N
19.33367,105.6264,305.92,0.4,0.37,2026-09-27,1853,N,VIIRS,n,2.0NRT,293.67,0.72,N
19.33463,105.78757,324.42,0.41,0.37,2026-09-27,1853,N,VIIRS,n,2.0NRT,295.35,3.1,N
19.35137,105.66801,316.88,0.4,0.37,2026-09-27,1853,N,VIIRS,n,2.0NRT,295.09,1.91,N
20.34747,105.91162,311.11,0.4,0.37,2026-09-27,1853,N,VIIRS,n,2.0NRT,294.51,2.43,N
20.39837,105.90106,311.77,0.4,0.37,2026-09-27,1853,N,VIIRS,n,2.0NRT,295.01,1.41,N
20.40174,105.90171,310.26,0.4,0.37,2026-09-27,1853,N,VIIRS,n,2.0NRT,295.08,1.41,N
20.51243,105.8703,309.46,0.4,0.37,2026-09-27,1853,N,VIIRS,n,2.0NRT,294.44,1.97,N
20.53057,105.86587,310.06,0.4,0.37,2026-09-27,1853,N,VIIRS,n,2.0NRT,294.73,1.8,N
18.79759,105.16451,328.11,0.57,0.43,2026-09-28,603,N,VIIRS,n,2.0NRT,290.77,2.98,D
19.33399,105.79023,331.24,0.52,0.41,2026-09-28,603,N,VIIRS,n,2.0NRT,297.53,3.01,D
20.14663,105.13991,333.3,0.55,0.42,2026-09-28,603,N,VIIRS,n,2.0NRT,292.04,5.88,D
21.12717,102.56668,328.38,0.5,0.49,2026-09-28,605,N,VIIRS,n,2.0NRT,289.18,4.43,D
22.14336,104.99409,335.25,0.52,0.41,2026-09-28,605,N,VIIRS,n,2.0NRT,295.07,4.63,D
22.33264,96.54782,332.98,0.56,0.69,2026-09-28,605,N,VIIRS,n,2.0NRT,291.21,4.92,D
22.57559,103.89312,339.28,0.39,0.44,2026-09-28,605,N,VIIRS,n,2.0NRT,295.83,6.11,D
22.71717,99.32727,351.51,0.37,0.58,2026-09-28,605,N,VIIRS,n,2.0NRT,293.41,6.23,D
22.71795,99.33076,330.37,0.37,0.58,2026-09-28,605,N,VIIRS,n,2.0NRT,292.59,6.7,D
22.79209,101.68487,330.09,0.52,0.5,2026-09-28,605,N,VIIRS,n,2.0NRT,291.32,3.41,D
23.0801,105.82495,332.5,0.46,0.39,2026-09-28,605,N,VIIRS,n,2.0NRT,296.17,4.44,D
23.52162,102.92332,340.29,0.43,0.46,2026-09-28,605,N,VIIRS,n,2.0NRT,292.48,5.23,D
23.54118,105.76228,333.32,0.46,0.39,2026-09-28,605,N,VIIRS,n,2.0NRT,293.48,3.45,D
23.54284,105.7629,331.01,0.46,0.39,2026-09-28,605,N,VIIRS,n,2.0NRT,294.39,2.91,D
23.85756,105.89698,344.46,0.45,0.39,2026-09-28,605,N,VIIRS,n,2.0NRT,301.69,10.77,D
23.86108,105.89622,346.72,0.45,0.39,2026-09-28,605,N,VIIRS,n,2.0NRT,297.62,10.77,D
24.19867,105.69395,335.06,0.45,0.39,2026-09-28,605,N,VIIRS,n,2.0NRT,296.65,6.01,D
24.44276,104.73681,333.8,0.49,0.41,2026-09-28,605,N,VIIRS,n,2.0NRT,300.65,6.06,D
24.44365,104.74163,331.54,0.49,0.41,2026-09-28,605,N,VIIRS,n,2.0NRT,297.33,6.06,D
24.44579,104.7392,346.06,0.5,0.41,2026-09-28,605,N,VIIRS,n,2.0NRT,307.33,61.99,D
24.44733,104.74077,334.1,0.49,0.41,2026-09-28,605,N,VIIRS,n,2.0NRT,300.21,47.11,D
25.97765,105.84441,336.11,0.43,0.38,2026-09-28,605,N,VIIRS,n,2.0NRT,302.03,6.97,D
24.70074,94.56271,327.76,0.65,0.73,2026-09-28,608,N,VIIRS,n,2.0NRT,291.45,4.75,D
25.32599,97.19619,328.27,0.44,0.62,2026-09-28,608,N,VIIRS,n,2.0NRT,292.5,1.92,D
25.86755,96.63997,327.61,0.46,0.63,2026-09-28,608,N,VIIRS,n,2.0NRT,292.15,3.44,D
22.93476,94.07957,336.77,0.39,0.59,2026-09-28,746,N,VIIRS,n,2.0NRT,293.05,5.57,D
25.13136,97.25086,327.76,0.65,0.73,2026-09-28,748,N,VIIRS,n,2.0NRT,290.81,2.74,D
25.22347,97.28902,336.33,0.66,0.73,2026-09-28,748,N,VIIRS,n,2.0NRT,290.97,5.75,D
25.22975,97.29124,367.0,0.66,0.73,2026-09-28,748,N,VIIRS,h,2.0NRT,291.75,29.81,D
25.2303,97.2885,367.0,0.66,0.73,2026-09-28,748,N,VIIRS,h,2.0NRT,291.6,15.05,D
18.93816,105.354,307.85,0.46,0.39,2026-09-28,1834,N,VIIRS,n,2.0NRT,291.35,1.96,N
19.27413,105.70709,312.01,0.45,0.39,2026-09-28,1834,N,VIIRS,n,2.0NRT,291.72,2.26,N
19.33404,105.78898,324.38,0.45,0.39,2026-09-28,1834,N,VIIRS,n,2.0NRT,291.96,3.97,N
19.35092,105.66937,310.68,0.45,0.39,2026-09-28,1834,N,VIIRS,n,2.0NRT,292.17,2.69,N
21.21206,105.94301,317.81,0.46,0.39,2026-09-28,1834,N,VIIRS,n,2.0NRT,284.5,2.22,N
23.45131,103.23183,301.67,0.46,0.47,2026-09-28,1834,N,VIIRS,n,2.0NRT,290.52,0.62,N
23.45566,103.23238,301.75,0.46,0.47,2026-09-28,1834,N,VIIRS,n,2.0NRT,290.18,0.61,N
23.96664,103.20284,301.68,0.46,0.47,2026-09-28,1834,N,VIIRS,n,2.0NRT,289.53,0.74,N
24.01232,102.18731,305.71,0.54,0.51,2026-09-28,1834,N,VIIRS,n,2.0NRT,290.14,1.46,N
24.01505,102.18637,300.31,0.54,0.51,2026-09-28,1834,N,VIIRS,n,2.0NRT,289.77,1.79,N
24.15221,102.92632,302.81,0.49,0.48,2026-09-28,1834,N,VIIRS,n,2.0NRT,287.42,1.1,N
24.15398,102.92838,305.6,0.49,0.48,2026-09-28,1834,N,VIIRS,n,2.0NRT,288.28,0.85,N
24.63455,103.89523,301.96,0.43,0.46,2026-09-28,1834,N,VIIRS,n,2.0NRT,289.18,1.11,N
24.67637,102.98871,297.69,0.49,0.48,2026-09-28,1834,N,VIIRS,n,2.0NRT,286.98,0.56,N
24.85841,103.69381,308.8,0.45,0.47,2026-09-28,1834,N,VIIRS,n,2.0NRT,286.26,0.83,N
24.86268,103.69463,304.5,0.45,0.47,2026-09-28,1834,N,VIIRS,n,2.0NRT,286.03,0.43,N
24.91429,99.09382,297.17,0.43,0.62,2026-09-28,1834,N,VIIRS,n,2.0NRT,286.12,1.53,N
24.96108,102.38627,302.49,0.54,0.51,2026-09-28,1834,N,VIIRS,n,2.0NRT,287.8,1.31,N
24.96279,102.38737,299.87,0.54,0.51,2026-09-28,1834,N,VIIRS,n,2.0NRT,288.32,2.15,N
24.97171,102.33228,302.55,0.54,0.51,2026-09-28,1834,N,VIIRS,n,2.0NRT,286.64,1.17,N
24.97306,102.33305,312.7,0.54,0.51,2026-09-28,1834,N,VIIRS,n,2.0NRT,287.43,3.15,N
24.97637,102.33311,299.01,0.54,0.51,2026-09-28,1834,N,VIIRS,n,2.0NRT,287.23,1.17,N
25.03745,103.60109,301.18,0.45,0.47,2026-09-28,1834,N,VIIRS,n,2.0NRT,285.73,1.58,N
25.03864,103.59966,303.51,0.45,0.47,2026-09-28,1834,N,VIIRS,n,2.0NRT,285.6,1.82,N
25.23906,104.56526,298.58,0.4,0.44,2026-09-28,1834,N,VIIRS,n,2.0NRT,287.98,0.75,N
25.65159,104.04399,299.37,0.43,0.46,2026-09-28,1834,N,VIIRS,n,2.0NRT,286.54,1.84,N
25.67033,103.87598,296.85,0.44,0.46,2026-09-28,1834,N,VIIRS,n,2.0NRT,283.43,1.2,N
25.69761,103.86589,302.97,0.45,0.47,2026-09-28,1834,N,VIIRS,n,2.0NRT,289.1,1.31,N
25.78426,100.37183,301.81,0.37,0.58,2026-09-28,1834,N,VIIRS,n,2.0NRT,286.46,0.94,N
25.78653,100.37228,303.38,0.37,0.58,2026-09-28,1834,N,VIIRS,n,2.0NRT,287.18,0.74,N
14.67268,100.80251,308.98,0.5,0.49,2026-09-28,1836,N,VIIRS,n,2.0NRT,281.29,2.27,N
18.58228,105.30955,336.68,0.37,0.58,2026-09-29,546,N,VIIRS,n,2.0NRT,291.62,2.76,D
18.68,105.28629,328.94,0.37,0.58,2026-09-29,546,N,VIIRS,n,2.0NRT,291.84,2.04,D
18.95111,105.31308,326.46,0.37,0.58,2026-09-29,546,N,VIIRS,n,2.0NRT,291.78,3.23,D
18.9521,105.31039,334.06,0.37,0.58,2026-09-29,546,N,VIIRS,n,2.0NRT,292.59,3.3,D
19.46976,105.50135,330.08,0.35,0.57,2026-09-29,546,N,VIIRS,n,2.0NRT,292.6,2.07,D
19.65409,104.91348,334.97,0.38,0.59,2026-09-29,546,N,VIIRS,n,2.0NRT,291.39,3.27,D
19.65934,104.9119,354.29,0.38,0.59,2026-09-29,546,N,VIIRS,n,2.0NRT,290.81,6.85,D
19.66004,104.91517,329.22,0.38,0.58,2026-09-29,546,N,VIIRS,n,2.0NRT,290.86,7.48,D
22.2533,105.05468,348.57,0.33,0.55,2026-09-29,546,N,VIIRS,n,2.0NRT,288.58,5.51,D
22.75423,101.94945,332.01,0.5,0.66,2026-09-29,548,N,VIIRS,n,2.0NRT,286.03,3.88,D
22.98785,104.1408,332.29,0.36,0.58,2026-09-29,548,N,VIIRS,n,2.0NRT,289.57,3.38,D
24.1862,105.71346,341.23,0.55,0.51,2026-09-29,548,N,VIIRS,n,2.0NRT,295.55,8.32,D
24.65563,104.72594,335.69,0.61,0.54,2026-09-29,548,N,VIIRS,n,2.0NRT,294.8,5.53,D
24.70334,104.20047,330.93,0.33,0.55,2026-09-29,548,N,VIIRS,n,2.0NRT,293.55,2.25,D
24.6093,97.80847,335.27,0.35,0.57,2026-09-29,729,N,VIIRS,n,2.0NRT,292.82,7.58,D
24.61432,97.81004,336.72,0.35,0.57,2026-09-29,729,N,VIIRS,n,2.0NRT,291.61,7.96,D
25.22454,98.19962,367.0,0.38,0.59,2026-09-29,729,N,VIIRS,h,2.0NRT,293.84,12.53,D
25.2248,98.20264,337.73,0.38,0.59,2026-09-29,729,N,VIIRS,n,2.0NRT,290.67,13.03,D
25.86546,93.36233,332.04,0.39,0.44,2026-09-29,729,N,VIIRS,n,2.0NRT,297.62,2.9,D
25.86854,96.6283,329.38,0.61,0.54,2026-09-29,729,N,VIIRS,n,2.0NRT,296.87,5.87,D
25.86871,96.62617,330.53,0.61,0.54,2026-09-29,729,N,VIIRS,n,2.0NRT,296.99,4.19,D
24.07592,105.02888,300.08,0.36,0.57,2026-09-29,1813,N,VIIRS,n,2.0NRT,288.4,0.24,N
24.97034,102.33251,297.19,0.54,0.68,2026-09-29,1813,N,VIIRS,n,2.0NRT,283.95,1.76,N
24.99793,103.21494,304.71,0.47,0.64,2026-09-29,1813,N,VIIRS,n,2.0NRT,286.97,1.1,N
25.03573,103.59863,303.15,0.45,0.63,2026-09-29,1813,N,VIIRS,n,2.0NRT,285.27,1.02,N
25.30328,103.89021,300.17,0.43,0.62,2026-09-29,1813,N,VIIRS,n,2.0NRT,287.45,0.89,N
25.63986,104.2888,300.95,0.41,0.61,2026-09-29,1813,N,VIIRS,n,2.0NRT,287.16,0.78,N
25.65252,104.04592,297.88,0.43,0.62,2026-09-29,1813,N,VIIRS,n,2.0NRT,285.89,0.97,N
25.69634,103.86728,306.37,0.44,0.62,2026-09-29,1813,N,VIIRS,n,2.0NRT,288.1,1.63,N
25.78389,100.37326,298.08,0.72,0.76,2026-09-29,1813,N,VIIRS,n,2.0NRT,283.26,0.93,N
25.78828,100.37196,295.49,0.72,0.76,2026-09-29,1813,N,VIIRS,n,2.0NRT,283.43,0.68,N
18.43443,103.19079,307.03,0.4,0.6,2026-09-29,1815,N,VIIRS,n,2.0NRT,281.56,0.35,N
18.93818,105.3522,305.72,0.59,0.53,2026-09-29,1815,N,VIIRS,n,2.0NRT,293.06,2.77,N
19.3329,105.78792,302.98,0.55,0.51,2026-09-29,1815,N,VIIRS,n,2.0NRT,279.93,1.21,N
20.39875,105.90443,308.8,0.56,0.52,2026-09-29,1815,N,VIIRS,n,2.0NRT,292.74,1.8,N
20.3997,105.90237,312.09,0.56,0.52,2026-09-29,1815,N,VIIRS,n,2.0NRT,292.99,2.68,N
20.40413,105.89964,310.11,0.56,0.52,2026-09-29,1815,N,VIIRS,n,2.0NRT,293.11,1.8,N
20.52891,105.867,310.53,0.57,0.52,2026-09-29,1815,N,VIIRS,n,2.0NRT,292.69,1.38,N
14.63064,101.10041,296.74,0.49,0.65,2026-09-29,1817,N,VIIRS,n,2.0NRT,282.51,1.62,N
14.63318,101.0774,298.7,0.49,0.65,2026-09-29,1817,N,VIIRS,n,2.0NRT,282.23,2.24,N
14.66967,100.80144,300.16,0.52,0.66,2026-09-29,1817,N,VIIRS,n,2.0NRT,280.42,1.23,N
25.87788,105.29414,299.29,0.75,0.77,2026-09-29,1953,N,VIIRS,n,2.0NRT,286.42,1.0,N
23.76377,103.66683,302.16,0.68,0.74,2026-09-29,1955,N,VIIRS,n,2.0NRT,283.45,1.0,N
23.76484,103.66958,296.69,0.68,0.74,2026-09-29,1955,N,VIIRS,n,2.0NRT,283.34,1.67,N
25.51722,100.72425,297.24,0.41,0.61,2026-09-29,1955,N,VIIRS,n,2.0NRT,284.15,0.98,N
25.53452,100.57919,299.49,0.4,0.6,2026-09-29,1955,N,VIIRS,n,2.0NRT,284.4,0.61,N
25.53562,100.57959,299.6,0.4,0.6,2026-09-29,1955,N,VIIRS,n,2.0NRT,284.44,0.84,N
25.78534,100.37241,306.24,0.39,0.59,2026-09-29,1955,N,VIIRS,n,2.0NRT,284.31,1.06,N
25.78555,100.37463,298.03,0.39,0.59,2026-09-29,1955,N,VIIRS,n,2.0NRT,284.16,0.9,N
19.45176,104.91818,327.63,0.76,0.77,2026-09-30,527,N,VIIRS,n,2.0NRT,290.6,4.87,D
13.85883,100.30551,334.75,0.56,0.43,2026-09-30,705,N,VIIRS,n,2.0NRT,294.78,4.47,D
14.34444,100.47744,341.76,0.38,0.44,2026-09-30,705,N,VIIRS,n,2.0NRT,294.98,4.22,D
16.2028,100.28456,333.29,0.4,0.44,2026-09-30,707,N,VIIRS,n,2.0NRT,288.54,2.95,D
16.58574,103.50558,330.43,0.32,0.55,2026-09-30,707,N,VIIRS,n,2.0NRT,293.44,1.69,D
18.03284,105.86876,337.04,0.48,0.65,2026-09-30,707,N,VIIRS,n,2.0NRT,288.62,3.09,D
18.27371,105.78698,347.53,0.48,0.65,2026-09-30,707,N,VIIRS,n,2.0NRT,291.41,7.12,D
18.27796,105.78713,352.1,0.48,0.65,2026-09-30,707,N,VIIRS,n,2.0NRT,291.38,7.4,D
18.38471,101.85668,333.53,0.53,0.5,2026-09-30,707,N,VIIRS,n,2.0NRT,290.96,4.06,D
18.38606,101.85423,341.8,0.53,0.5,2026-09-30,707,N,VIIRS,n,2.0NRT,288.37,6.97,D
18.54601,105.54976,329.77,0.46,0.64,2026-09-30,707,N,VIIRS,n,2.0NRT,294.36,2.06,D
18.92303,105.15899,367.0,0.44,0.63,2026-09-30,707,N,VIIRS,h,2.0NRT,293.55,7.31,D
18.95672,104.89975,334.62,0.43,0.62,2026-09-30,707,N,VIIRS,n,2.0NRT,290.7,3.4,D
18.98577,105.37234,330.19,0.46,0.63,2026-09-30,707,N,VIIRS,n,2.0NRT,292.71,4.08,D
19.06708,104.95271,340.39,0.43,0.62,2026-09-30,707,N,VIIRS,n,2.0NRT,293.09,2.63,D
19.07707,105.34732,335.5,0.46,0.63,2026-09-30,707,N,VIIRS,n,2.0NRT,293.54,2.3,D
19.08091,105.34746,331.24,0.46,0.63,2026-09-30,707,N,VIIRS,n,2.0NRT,292.69,1.9,D
19.0819,105.35814,338.63,0.46,0.63,2026-09-30,707,N,VIIRS,n,2.0NRT,292.69,5.21,D
19.08412,105.35818,334.97,0.46,0.63,2026-09-30,707,N,VIIRS,n,2.0NRT,292.24,3.32,D
19.10034,105.17673,330.34,0.45,0.63,2026-09-30,707,N,VIIRS,n,2.0NRT,292.6,4.78,D
19.1156,105.4932,345.44,0.47,0.64,2026-09-30,707,N,VIIRS,n,2.0NRT,293.41,6.12,D
19.11608,105.49798,337.31,0.47,0.64,2026-09-30,707,N,VIIRS,n,2.0NRT,293.12,7.72,D
19.11838,105.4928,367.0,0.47,0.64,2026-09-30,707,N,VIIRS,h,2.0NRT,293.32,10.49,D
19.11884,105.49765,332.61,0.47,0.64,2026-09-30,707,N,VIIRS,n,2.0NRT,293.27,10.96,D
19.241,104.93554,354.95,0.43,0.62,2026-09-30,707,N,VIIRS,n,2.0NRT,293.38,6.75,D
19.24168,104.93694,339.21,0.43,0.62,2026-09-30,707,N,VIIRS,n,2.0NRT,292.57,5.97,D
19.27868,105.68902,367.0,0.48,0.65,2026-09-30,707,N,VIIRS,h,2.0NRT,293.6,10.52,D
19.4633,105.67439,367.0,0.49,0.65,2026-09-30,707,N,VIIRS,h,2.0NRT,293.73,14.93,D
19.48227,105.61629,329.7,0.48,0.65,2026-09-30,707,N,VIIRS,n,2.0NRT,293.81,3.59,D
19.50443,105.24368,348.04,0.46,0.63,2026-09-30,707,N,VIIRS,n,2.0NRT,294.97,8.3,D
19.50638,105.24375,347.85,0.46,0.63,2026-09-30,707,N,VIIRS,n,2.0NRT,294.96,8.23,D
19.57874,104.66521,367.0,0.42,0.61,2026-09-30,707,N,VIIRS,h,2.0NRT,294.24,9.92,D
19.58442,104.66456,352.77,0.42,0.61,2026-09-30,707,N,VIIRS,n,2.0NRT,291.83,9.92,D
20.39236,105.55888,331.22,0.49,0.65,2026-09-30,707,N,VIIRS,n,2.0NRT,293.65,2.87,D
20.61054,105.92055,334.74,0.52,0.67,2026-09-30,707,N,VIIRS,n,2.0NRT,293.17,3.85,D
20.61494,105.92149,339.45,0.52,0.67,2026-09-30,707,N,VIIRS,n,2.0NRT,293.67,6.46,D
20.61675,105.91997,332.34,0.52,0.67,2026-09-30,707,N,VIIRS,n,2.0NRT,293.71,3.85,D
21.54487,105.66972,331.89,0.51,0.66,2026-09-30,707,N,VIIRS,n,2.0NRT,291.93,6.57,D
23.33255,105.77833,367.0,0.54,0.68,2026-09-30,707,N,VIIRS,h,2.0NRT,293.19,11.92,D
23.33291,105.78307,347.11,0.55,0.68,2026-09-30,707,N,VIIRS,n,2.0NRT,292.79,11.92,D
23.33627,105.77686,335.65,0.54,0.68,2026-09-30,707,N,VIIRS,n,2.0NRT,292.06,13.03,D
23.33669,105.78201,367.0,0.54,0.68,2026-09-30,707,N,VIIRS,h,2.0NRT,294.65,13.03,D
20.53283,105.86586,305.08,0.58,0.69,2026-09-30,1756,N,VIIRS,n,2.0NRT,290.03,1.5,N
20.53296,105.86514,304.74,0.57,0.69,2026-09-30,1756,N,VIIRS,n,2.0NRT,289.86,1.57,N
21.21244,105.94083,305.1,0.58,0.7,2026-09-30,1756,N,VIIRS,n,2.0NRT,288.92,0.92,N
24.04598,105.03031,303.63,0.71,0.75,2026-09-30,1756,N,VIIRS,n,2.0NRT,283.86,2.26,N
24.04845,105.03342,320.58,0.7,0.75,2026-09-30,1756,N,VIIRS,n,2.0NRT,284.25,2.98,N
24.04893,105.02634,298.1,0.71,0.75,2026-09-30,1756,N,VIIRS,n,2.0NRT,283.89,2.98,N
24.05301,105.03076,320.59,0.71,0.75,2026-09-30,1756,N,VIIRS,n,2.0NRT,284.73,2.26,N
19.27185,105.70478,307.47,0.57,0.69,2026-09-30,1758,N,VIIRS,n,2.0NRT,288.83,1.03,N
19.34738,105.66704,304.87,0.58,0.69,2026-09-30,1758,N,VIIRS,n,2.0NRT,288.91,0.95,N
19.35395,105.66679,307.07,0.58,0.69,2026-09-30,1758,N,VIIRS,n,2.0NRT,288.58,1.21,N
23.45597,103.23298,300.99,0.33,0.55,2026-09-30,1936,N,VIIRS,n,2.0NRT,287.06,0.39,N
23.50251,103.16529,302.9,0.33,0.55,2026-09-30,1936,N,VIIRS,n,2.0NRT,286.47,0.77,N
23.50591,103.16698,303.61,0.33,0.55,2026-09-30,1936,N,VIIRS,n,2.0NRT,287.08,0.58,N
23.76421,103.66742,318.08,0.35,0.57,2026-09-30,1936,N,VIIRS,n,2.0NRT,287.1,1.49,N
24.79612,104.8403,332.29,0.39,0.59,2026-09-30,1936,N,VIIRS,n,2.0NRT,287.08,2.0,N
24.80136,104.84237,310.68,0.39,0.59,2026-09-30,1936,N,VIIRS,n,2.0NRT,287.19,2.0,N
25.06548,101.57066,297.91,0.49,0.48,2026-09-30,1936,N,VIIRS,n,2.0NRT,284.67,0.58,N
25.07145,99.28371,297.14,0.54,0.42,2026-09-30,1936,N,VIIRS,n,2.0NRT,277.88,1.15,N
25.65269,104.04597,298.66,0.34,0.56,2026-09-30,1936,N,VIIRS,n,2.0NRT,284.48,0.72,N
25.69861,103.86651,302.73,0.33,0.55,2026-09-30,1936,N,VIIRS,n,2.0NRT,286.03,1.21,N
18.43637,103.19209,303.45,0.42,0.61,2026-09-30,1938,N,VIIRS,n,2.0NRT,289.04,0.46,N
20.40089,105.9033,305.29,0.56,0.69,2026-09-30,1938,N,VIIRS,n,2.0NRT,289.98,1.78,N
20.51107,105.87089,305.61,0.55,0.68,2026-09-30,1938,N,VIIRS,n,2.0NRT,289.43,1.45,N
14.53557,100.46221,305.53,0.33,0.55,2026-09-30,1940,N,VIIRS,n,2.0NRT,288.08,0.74,N
14.73951,101.03817,303.56,0.35,0.57,2026-09-30,1940,N,VIIRS,n,2.0NRT,288.08,0.5,N
