latitude,longitude,bright_ti4,scan,track,acq_date,acq_time,satellite,instrument,confidence,version,bright_ti5,frp,daynight
17.51886,97.39788,335.42,0.44,0.39,2026-04-23,703,N,VIIRS,n,2.0NRT,305.15,6.38,D
17.53848,97.59299,335.23,0.45,0.39,2026-04-23,703,N,VIIRS,n,2.0NRT,301.22,5.01,D
17.58305,100.70927,330.92,0.45,0.47,2026-04-23,703,N,VIIRS,n,2.0NRT,297.47,4.19,D
17.58355,100.71323,344.68,0.45,0.47,2026-04-23,703,N,VIIRS,n,2.0NRT,297.95,10.43,D
17.58475,100.70961,341.07,0.45,0.47,2026-04-23,703,N,VIIRS,n,2.0NRT,295.36,4.09,D
17.58523,100.71361,344.48,0.45,0.47,2026-04-23,703,N,VIIRS,n,2.0NRT,294.72,9.01,D
17.61732,100.37493,330.66,0.43,0.46,2026-04-23,703,N,VIIRS,n,2.0NRT,297.52,3.78,D
17.61802,97.4688,333.32,0.45,0.39,2026-04-23,703,N,VIIRS,n,2.0NRT,299.16,4.14,D
17.68015,97.70815,330.93,0.46,0.39,2026-04-23,703,N,VIIRS,n,2.0NRT,300.31,2.53,D
17.68713,97.97779,339.87,0.47,0.4,2026-04-23,703,N,VIIRS,n,2.0NRT,305.4,10.93,D
17.70667,100.91272,331.8,0.46,0.47,2026-04-23,703,N,VIIRS,n,2.0NRT,294.37,4.96,D
17.70682,100.91028,338.47,0.46,0.47,2026-04-23,703,N,VIIRS,n,2.0NRT,294.99,5.66,D
17.73803,97.69227,348.0,0.46,0.39,2026-04-23,703,N,VIIRS,n,2.0NRT,302.31,7.63,D
17.76636,100.67319,338.13,0.45,0.47,2026-04-23,703,N,VIIRS,n,2.0NRT,300.62,5.83,D
17.7669,100.67746,343.71,0.45,0.47,2026-04-23,703,N,VIIRS,n,2.0NRT,300.81,8.09,D
17.77461,99.24923,338.45,0.55,0.43,2026-04-23,703,N,VIIRS,n,2.0NRT,307.66,6.06,D
17.77854,99.24865,338.48,0.55,0.43,2026-04-23,703,N,VIIRS,n,2.0NRT,304.64,6.06,D
17.78748,99.507,342.91,0.57,0.43,2026-04-23,703,N,VIIRS,n,2.0NRT,302.21,19.52,D
17.78825,97.95543,337.24,0.47,0.4,2026-04-23,703,N,VIIRS,n,2.0NRT,302.25,6.49,D
17.79149,99.50655,350.6,0.57,0.43,2026-04-23,703,N,VIIRS,n,2.0NRT,300.66,14.36,D
17.79555,100.72152,335.84,0.45,0.47,2026-04-23,703,N,VIIRS,n,2.0NRT,300.4,3.95,D
17.79672,98.04671,342.83,0.48,0.4,2026-04-23,703,N,VIIRS,n,2.0NRT,301.79,8.51,D
17.8002,99.51094,332.67,0.57,0.43,2026-04-23,703,N,VIIRS,n,2.0NRT,300.32,2.43,D
17.80035,98.04578,335.29,0.48,0.4,2026-04-23,703,N,VIIRS,n,2.0NRT,302.6,4.43,D
17.80456,98.0493,331.37,0.48,0.4,2026-04-23,703,N,VIIRS,n,2.0NRT,300.47,4.43,D
17.8208,100.7487,346.07,0.45,0.47,2026-04-23,703,N,VIIRS,n,2.0NRT,299.04,7.18,D
17.82671,100.91001,330.02,0.46,0.47,2026-04-23,703,N,VIIRS,n,2.0NRT,298.38,1.98,D
17.8274,97.50441,330.92,0.45,0.39,2026-04-23,703,N,VIIRS,n,2.0NRT,300.12,1.77,D
17.83306,99.54451,345.35,0.38,0.43,2026-04-23,703,N,VIIRS,n,2.0NRT,300.59,12.35,D
17.83951,100.86801,345.95,0.46,0.47,2026-04-23,703,N,VIIRS,n,2.0NRT,299.9,6.83,D
17.84439,100.87167,331.3,0.46,0.47,2026-04-23,703,N,VIIRS,n,2.0NRT,299.41,2.72,D
17.85428,97.64829,339.87,0.46,0.39,2026-04-23,703,N,VIIRS,n,2.0NRT,306.82,6.04,D
17.8558,97.71406,330.88,0.46,0.39,2026-04-23,703,N,VIIRS,n,2.0NRT,299.44,4.12,D
17.85624,100.93348,338.81,0.47,0.47,2026-04-23,703,N,VIIRS,n,2.0NRT,300.06,4.84,D
17.85679,100.93804,331.67,0.47,0.47,2026-04-23,703,N,VIIRS,n,2.0NRT,300.48,5.26,D
17.85756,99.24831,331.69,0.55,0.43,2026-04-23,703,N,VIIRS,n,2.0NRT,299.77,3.22,D
17.88037,97.78658,337.6,0.46,0.39,2026-04-23,703,N,VIIRS,n,2.0NRT,302.49,5.85,D
17.88399,97.78596,337.99,0.46,0.39,2026-04-23,703,N,VIIRS,n,2.0NRT,299.35,5.85,D
17.90896,97.69801,332.13,0.46,0.39,2026-04-23,703,N,VIIRS,n,2.0NRT,300.21,3.26,D
17.9095,97.70195,342.65,0.46,0.39,2026-04-23,703,N,VIIRS,n,2.0NRT,300.97,3.26,D
17.91128,97.74181,337.26,0.46,0.39,2026-04-23,703,N,VIIRS,n,2.0NRT,303.69,6.28,D
17.91204,97.6936,335.96,0.46,0.39,2026-04-23,703,N,VIIRS,n,2.0NRT,301.73,3.9,D
17.9131,97.70132,344.11,0.46,0.39,2026-04-23,703,N,VIIRS,n,2.0NRT,302.02,6.76,D
17.91361,97.70509,348.86,0.46,0.39,2026-04-23,703,N,VIIRS,n,2.0NRT,300.45,13.08,D
17.91564,97.69293,339.99,0.46,0.39,2026-04-23,703,N,VIIRS,n,2.0NRT,302.23,3.9,D
17.91618,97.69688,338.65,0.46,0.39,2026-04-23,703,N,VIIRS,n,2.0NRT,302.22,6.76,D
17.91871,97.6884,341.67,0.46,0.39,2026-04-23,703,N,VIIRS,n,2.0NRT,303.07,7.05,D
17.93972,99.30199,347.19,0.56,0.43,2026-04-23,703,N,VIIRS,n,2.0NRT,304.54,8.35,D
17.94073,99.54904,335.65,0.38,0.43,2026-04-23,703,N,VIIRS,n,2.0NRT,300.1,4.13,D
17.94113,99.30342,343.39,0.56,0.43,2026-04-23,703,N,VIIRS,n,2.0NRT,304.18,8.95,D
17.94848,98.23841,335.29,0.49,0.4,2026-04-23,703,N,VIIRS,n,2.0NRT,303.99,2.79,D
17.96371,98.32433,332.68,0.49,0.41,2026-04-23,703,N,VIIRS,n,2.0NRT,301.25,2.01,D
17.96742,98.32363,331.72,0.49,0.41,2026-04-23,703,N,VIIRS,n,2.0NRT,301.25,4.82,D
17.99433,97.85931,331.62,0.47,0.4,2026-04-23,703,N,VIIRS,n,2.0NRT,300.39,3.8,D
17.99635,97.54895,335.34,0.45,0.39,2026-04-23,703,N,VIIRS,n,2.0NRT,296.95,4.0,D
18.02768,100.23155,332.18,0.42,0.45,2026-04-23,703,N,VIIRS,n,2.0NRT,296.61,3.28,D
18.02884,98.26076,337.88,0.49,0.4,2026-04-23,703,N,VIIRS,n,2.0NRT,305.61,5.77,D
18.05085,98.11294,341.96,0.48,0.4,2026-04-23,703,N,VIIRS,n,2.0NRT,307.74,16.87,D
18.07427,98.25954,337.4,0.49,0.4,2026-04-23,703,N,VIIRS,n,2.0NRT,303.88,3.78,D
18.09461,98.12959,339.28,0.48,0.4,2026-04-23,703,N,VIIRS,n,2.0NRT,306.48,3.84,D
18.15514,99.87513,342.1,0.4,0.45,2026-04-23,703,N,VIIRS,n,2.0NRT,301.48,4.18,D
18.23322,100.09446,340.69,0.42,0.45,2026-04-23,703,N,VIIRS,n,2.0NRT,299.4,3.93,D
18.23375,100.09869,339.66,0.42,0.45,2026-04-23,703,N,VIIRS,n,2.0NRT,299.9,5.67,D
18.23631,100.32464,347.15,0.43,0.46,2026-04-23,703,N,VIIRS,n,2.0NRT,302.29,7.27,D
18.2368,100.32861,367.0,0.43,0.46,2026-04-23,703,N,VIIRS,h,2.0NRT,302.62,12.62,D
18.33727,97.73332,339.6,0.47,0.39,2026-04-23,703,N,VIIRS,n,2.0NRT,304.75,2.73,D
18.3409,97.73274,349.46,0.47,0.39,2026-04-23,703,N,VIIRS,n,2.0NRT,305.95,10.63,D
18.34453,97.73212,341.36,0.47,0.39,2026-04-23,703,N,VIIRS,n,2.0NRT,304.29,10.63,D
18.34513,97.7365,355.54,0.47,0.39,2026-04-23,703,N,VIIRS,n,2.0NRT,307.61,32.59,D
18.34875,97.73582,350.62,0.47,0.39,2026-04-23,703,N,VIIRS,n,2.0NRT,302.88,9.27,D
18.34933,97.74008,355.86,0.47,0.4,2026-04-23,703,N,VIIRS,n,2.0NRT,304.74,9.27,D
18.3499,97.74429,339.31,0.47,0.4,2026-04-23,703,N,VIIRS,n,2.0NRT,301.93,2.95,D
18.37827,98.26364,339.23,0.5,0.41,2026-04-23,703,N,VIIRS,n,2.0NRT,307.37,5.72,D
18.41035,98.05015,337.41,0.48,0.4,2026-04-23,703,N,VIIRS,n,2.0NRT,303.94,2.02,D
18.41683,100.22604,332.21,0.43,0.46,2026-04-23,703,N,VIIRS,n,2.0NRT,299.23,2.26,D
18.41731,100.23001,343.12,0.43,0.46,2026-04-23,703,N,VIIRS,n,2.0NRT,299.29,4.55,D
18.44644,97.79768,334.48,0.47,0.4,2026-04-23,703,N,VIIRS,n,2.0NRT,301.0,2.1,D
18.44704,97.80208,341.71,0.47,0.4,2026-04-23,703,N,VIIRS,n,2.0NRT,301.43,5.22,D
18.46261,100.86678,332.03,0.47,0.48,2026-04-23,703,N,VIIRS,n,2.0NRT,296.99,6.33,D
18.46278,100.86189,332.18,0.47,0.48,2026-04-23,703,N,VIIRS,n,2.0NRT,296.73,1.92,D
18.46331,100.86616,330.41,0.47,0.48,2026-04-23,703,N,VIIRS,n,2.0NRT,296.96,3.56,D
18.46384,100.87042,335.61,0.47,0.48,2026-04-23,703,N,VIIRS,n,2.0NRT,296.77,3.56,D
18.46701,100.86617,334.9,0.47,0.48,2026-04-23,703,N,VIIRS,n,2.0NRT,297.12,5.67,D
18.48758,100.06654,339.32,0.42,0.45,2026-04-23,703,N,VIIRS,n,2.0NRT,299.47,5.08,D
18.51243,100.41692,335.32,0.44,0.46,2026-04-23,703,N,VIIRS,n,2.0NRT,298.98,5.5,D
18.51384,100.41594,341.97,0.44,0.46,2026-04-23,703,N,VIIRS,n,2.0NRT,299.52,5.13,D
18.51614,100.4115,333.63,0.44,0.46,2026-04-23,703,N,VIIRS,n,2.0NRT,300.25,4.68,D
18.52764,100.29076,334.55,0.43,0.46,2026-04-23,703,N,VIIRS,n,2.0NRT,296.51,1.08,D
18.5286,98.67995,333.25,0.52,0.42,2026-04-23,703,N,VIIRS,n,2.0NRT,300.13,4.36,D
18.52975,98.65855,334.18,0.52,0.42,2026-04-23,703,N,VIIRS,n,2.0NRT,299.08,4.85,D
18.53037,98.6633,334.01,0.52,0.42,2026-04-23,703,N,VIIRS,n,2.0NRT,300.38,6.56,D
18.53358,98.65791,332.49,0.52,0.42,2026-04-23,703,N,VIIRS,n,2.0NRT,297.97,6.47,D
18.53419,98.66266,342.55,0.52,0.42,2026-04-23,703,N,VIIRS,n,2.0NRT,301.69,13.65,D
18.57365,100.20963,335.65,0.43,0.46,2026-04-23,703,N,VIIRS,n,2.0NRT,300.44,5.61,D
18.58592,100.41276,337.14,0.44,0.46,2026-04-23,703,N,VIIRS,n,2.0NRT,298.43,3.63,D
18.69001,100.49766,345.71,0.45,0.47,2026-04-23,703,N,VIIRS,n,2.0NRT,299.65,5.21,D
18.69885,99.76854,336.55,0.4,0.45,2026-04-23,703,N,VIIRS,n,2.0NRT,300.27,4.92,D
18.72352,99.40688,330.27,0.39,0.44,2026-04-23,703,N,VIIRS,n,2.0NRT,299.01,2.06,D
18.73316,97.95043,338.03,0.48,0.4,2026-04-23,703,N,VIIRS,n,2.0NRT,305.22,7.69,D
18.73415,98.19629,351.24,0.5,0.41,2026-04-23,703,N,VIIRS,n,2.0NRT,308.25,12.11,D
18.73535,97.95274,346.86,0.48,0.4,2026-04-23,703,N,VIIRS,n,2.0NRT,305.0,14.97,D
18.73685,97.94981,338.48,0.48,0.4,2026-04-23,703,N,VIIRS,n,2.0NRT,302.4,7.69,D
18.86246,97.94232,335.99,0.48,0.4,2026-04-23,703,N,VIIRS,n,2.0NRT,303.28,3.97,D
18.86616,97.94176,340.23,0.48,0.4,2026-04-23,703,N,VIIRS,n,2.0NRT,302.81,3.97,D
18.86981,98.05578,337.03,0.49,0.4,2026-04-23,703,N,VIIRS,n,2.0NRT,305.56,4.99,D
18.89367,99.57908,354.67,0.4,0.44,2026-04-23,703,N,VIIRS,n,2.0NRT,301.88,11.79,D
18.89775,99.57851,345.09,0.4,0.44,2026-04-23,703,N,VIIRS,n,2.0NRT,301.57,8.52,D
18.90144,99.34917,330.29,0.38,0.44,2026-04-23,703,N,VIIRS,n,2.0NRT,297.87,1.93,D
18.91674,99.20316,335.99,0.57,0.43,2026-04-23,703,N,VIIRS,n,2.0NRT,300.72,7.56,D
18.936,98.29861,336.87,0.51,0.41,2026-04-23,703,N,VIIRS,n,2.0NRT,302.67,7.89,D
18.95621,98.30592,331.97,0.51,0.41,2026-04-23,703,N,VIIRS,n,2.0NRT,300.69,5.89,D
18.95687,98.31087,337.01,0.51,0.41,2026-04-23,703,N,VIIRS,n,2.0NRT,302.02,8.05,D
18.98652,98.09854,331.47,0.49,0.41,2026-04-23,703,N,VIIRS,n,2.0NRT,303.32,2.94,D
18.98745,98.01866,333.72,0.49,0.4,2026-04-23,703,N,VIIRS,n,2.0NRT,303.22,5.77,D
18.99117,98.01815,337.9,0.49,0.4,2026-04-23,703,N,VIIRS,n,2.0NRT,302.6,5.77,D
18.99743,98.21176,342.07,0.5,0.41,2026-04-23,703,N,VIIRS,n,2.0NRT,301.56,8.15,D
19.07438,101.30412,330.36,0.51,0.49,2026-04-23,703,N,VIIRS,n,2.0NRT,293.94,4.28,D
19.07752,98.32407,336.15,0.51,0.41,2026-04-23,703,N,VIIRS,n,2.0NRT,302.37,4.84,D
19.17962,98.31055,341.18,0.51,0.41,2026-04-23,703,N,VIIRS,n,2.0NRT,304.5,9.32,D
19.21595,97.64014,334.62,0.47,0.4,2026-04-23,703,N,VIIRS,n,2.0NRT,304.18,3.2,D
19.22672,99.67278,334.49,0.41,0.45,2026-04-23,703,N,VIIRS,n,2.0NRT,300.32,2.67,D
19.22766,99.68028,335.3,0.41,0.45,2026-04-23,703,N,VIIRS,n,2.0NRT,301.32,6.87,D
19.22808,99.68374,341.37,0.41,0.45,2026-04-23,703,N,VIIRS,n,2.0NRT,300.51,5.29,D
19.23131,99.67593,333.64,0.41,0.45,2026-04-23,703,N,VIIRS,n,2.0NRT,300.46,3.18,D
19.24992,99.36031,332.68,0.39,0.44,2026-04-23,703,N,VIIRS,n,2.0NRT,299.35,3.44,D
19.25817,99.68966,331.14,0.41,0.45,2026-04-23,703,N,VIIRS,n,2.0NRT,298.98,5.12,D
19.27696,97.82214,332.12,0.48,0.4,2026-04-23,703,N,VIIRS,n,2.0NRT,301.9,4.13,D
19.31478,99.55068,336.57,0.4,0.44,2026-04-23,703,N,VIIRS,n,2.0NRT,297.23,4.99,D
19.39677,99.58464,355.46,0.4,0.44,2026-04-23,703,N,VIIRS,n,2.0NRT,300.7,8.66,D
19.39864,99.91963,331.88,0.42,0.45,2026-04-23,703,N,VIIRS,n,2.0NRT,300.83,4.66,D
19.40245,98.57928,335.12,0.53,0.42,2026-04-23,703,N,VIIRS,n,2.0NRT,304.63,7.63,D
19.52383,98.50687,336.27,0.53,0.42,2026-04-23,703,N,VIIRS,n,2.0NRT,303.33,6.75,D
19.52767,98.50625,336.06,0.53,0.42,2026-04-23,703,N,VIIRS,n,2.0NRT,301.35,7.08,D
19.58333,98.49887,330.23,0.53,0.42,2026-04-23,703,N,VIIRS,n,2.0NRT,299.67,4.42,D
19.58718,98.49827,336.23,0.53,0.42,2026-04-23,703,N,VIIRS,n,2.0NRT,302.23,7.97,D
19.58842,98.50799,333.94,0.53,0.42,2026-04-23,703,N,VIIRS,n,2.0NRT,300.5,6.43,D
19.59484,98.49686,334.98,0.53,0.42,2026-04-23,703,N,VIIRS,n,2.0NRT,302.49,5.89,D
19.59801,98.49104,333.21,0.53,0.42,2026-04-23,703,N,VIIRS,n,2.0NRT,302.47,5.89,D
19.59867,98.49622,343.8,0.53,0.42,2026-04-23,703,N,VIIRS,n,2.0NRT,302.56,5.89,D
19.62284,98.32203,339.24,0.52,0.41,2026-04-23,703,N,VIIRS,n,2.0NRT,306.79,72.16,D
19.62294,99.21465,335.35,0.39,0.44,2026-04-23,703,N,VIIRS,n,2.0NRT,301.14,2.54,D
19.62744,99.65098,337.16,0.41,0.45,2026-04-23,703,N,VIIRS,n,2.0NRT,297.87,3.78,D
19.70086,99.3403,340.61,0.39,0.44,2026-04-23,703,N,VIIRS,n,2.0NRT,300.31,5.34,D
19.70171,98.77737,340.32,0.55,0.43,2026-04-23,703,N,VIIRS,n,2.0NRT,303.23,6.49,D
19.7027,98.78012,347.1,0.55,0.42,2026-04-23,703,N,VIIRS,n,2.0NRT,302.55,5.62,D
19.72983,99.34081,331.09,0.39,0.44,2026-04-23,703,N,VIIRS,n,2.0NRT,299.88,3.31,D
19.73929,98.69639,336.33,0.54,0.42,2026-04-23,703,N,VIIRS,n,2.0NRT,302.98,10.06,D
19.74315,98.69547,339.95,0.54,0.42,2026-04-23,703,N,VIIRS,n,2.0NRT,300.94,10.64,D
19.75164,99.34995,332.15,0.39,0.44,2026-04-23,703,N,VIIRS,n,2.0NRT,302.85,2.17,D
19.75572,99.34957,335.55,0.39,0.44,2026-04-23,703,N,VIIRS,n,2.0NRT,302.79,2.17,D
19.79763,99.32494,344.1,0.39,0.44,2026-04-23,703,N,VIIRS,n,2.0NRT,304.94,6.89,D
19.82044,98.33847,334.85,0.52,0.41,2026-04-23,703,N,VIIRS,n,2.0NRT,302.76,2.78,D
19.82428,98.33807,333.95,0.52,0.41,2026-04-23,703,N,VIIRS,n,2.0NRT,300.43,2.78,D
19.87791,99.37495,334.03,0.4,0.44,2026-04-23,703,N,VIIRS,n,2.0NRT,302.51,2.7,D
19.96027,99.60677,334.13,0.41,0.45,2026-04-23,703,N,VIIRS,n,2.0NRT,299.18,19.9,D
19.9645,99.13913,335.71,0.39,0.44,2026-04-23,703,N,VIIRS,n,2.0NRT,299.69,2.58,D
20.00706,99.6442,345.18,0.41,0.45,2026-04-23,703,N,VIIRS,n,2.0NRT,301.46,5.91,D
20.01068,99.6394,343.44,0.41,0.45,2026-04-23,703,N,VIIRS,n,2.0NRT,301.06,3.96,D
20.0148,99.63856,332.62,0.41,0.45,2026-04-23,703,N,VIIRS,n,2.0NRT,302.08,3.96,D
20.01597,99.63798,335.68,0.41,0.45,2026-04-23,703,N,VIIRS,n,2.0NRT,302.13,3.72,D
20.02066,99.06506,331.56,0.57,0.43,2026-04-23,703,N,VIIRS,n,2.0NRT,300.6,5.24,D
20.05486,99.54102,350.61,0.41,0.45,2026-04-23,703,N,VIIRS,n,2.0NRT,302.44,6.24,D
20.26878,98.36159,335.19,0.53,0.42,2026-04-23,703,N,VIIRS,n,2.0NRT,303.7,4.99,D
20.32447,99.68412,352.04,0.42,0.45,2026-04-23,703,N,VIIRS,n,2.0NRT,301.23,16.19,D
20.4247,98.77119,334.08,0.56,0.43,2026-04-23,703,N,VIIRS,n,2.0NRT,301.58,4.2,D
20.43536,100.52895,367.0,0.47,0.48,2026-04-23,703,N,VIIRS,h,2.0NRT,297.97,10.81,D
20.43914,100.52967,340.36,0.47,0.48,2026-04-23,703,N,VIIRS,n,2.0NRT,296.93,9.03,D
20.4395,101.64904,330.95,0.56,0.51,2026-04-23,703,N,VIIRS,n,2.0NRT,297.56,3.87,D
20.43974,100.52798,332.22,0.47,0.48,2026-04-23,703,N,VIIRS,n,2.0NRT,295.89,2.48,D
20.43985,101.56628,341.15,0.55,0.51,2026-04-23,703,N,VIIRS,n,2.0NRT,297.34,4.55,D
20.45233,99.60195,342.02,0.42,0.45,2026-04-23,703,N,VIIRS,n,2.0NRT,301.45,5.69,D
20.45322,101.6421,342.31,0.56,0.51,2026-04-23,703,N,VIIRS,n,2.0NRT,298.01,10.36,D
20.45332,101.64439,340.66,0.56,0.51,2026-04-23,703,N,VIIRS,n,2.0NRT,297.78,16.34,D
20.45351,101.6005,348.46,0.56,0.51,2026-04-23,703,N,VIIRS,n,2.0NRT,300.67,68.06,D
20.45369,101.60354,343.9,0.55,0.51,2026-04-23,703,N,VIIRS,n,2.0NRT,297.68,52.39,D
20.45483,101.61365,342.49,0.56,0.51,2026-04-23,703,N,VIIRS,n,2.0NRT,299.78,24.54,D
20.45514,101.61587,347.71,0.56,0.51,2026-04-23,703,N,VIIRS,n,2.0NRT,300.62,16.92,D
20.45826,101.59995,340.79,0.56,0.51,2026-04-23,703,N,VIIRS,n,2.0NRT,296.81,11.55,D
20.45845,101.60301,344.49,0.55,0.51,2026-04-23,703,N,VIIRS,n,2.0NRT,297.13,11.58,D
20.46187,98.6587,335.63,0.55,0.43,2026-04-23,703,N,VIIRS,n,2.0NRT,303.75,5.34,D
20.46302,101.59935,340.59,0.56,0.51,2026-04-23,703,N,VIIRS,n,2.0NRT,296.19,11.55,D
20.46321,101.60242,342.42,0.55,0.51,2026-04-23,703,N,VIIRS,n,2.0NRT,296.69,11.58,D
20.47651,101.63535,334.51,0.56,0.51,2026-04-23,703,N,VIIRS,n,2.0NRT,296.72,5.58,D
20.47698,101.63857,335.18,0.56,0.51,2026-04-23,703,N,VIIRS,n,2.0NRT,296.95,5.03,D
20.48127,101.63467,344.88,0.56,0.51,2026-04-23,703,N,VIIRS,n,2.0NRT,298.72,67.91,D
20.48602,101.63396,347.1,0.56,0.51,2026-04-23,703,N,VIIRS,n,2.0NRT,305.38,67.91,D
20.49019,101.62784,337.64,0.56,0.51,2026-04-23,703,N,VIIRS,n,2.0NRT,296.04,21.48,D
20.49078,101.63326,344.03,0.56,0.51,2026-04-23,703,N,VIIRS,n,2.0NRT,296.35,31.38,D
20.49599,97.36324,335.85,0.47,0.4,2026-04-23,703,N,VIIRS,n,2.0NRT,305.06,4.3,D
17.85752,97.78925,303.91,0.4,0.44,2026-04-23,1934,N,VIIRS,n,2.0NRT,288.04,0.92,N
17.86351,97.71207,306.46,0.39,0.44,2026-04-23,1934,N,VIIRS,n,2.0NRT,290.2,0.9,N
17.86988,97.67779,302.82,0.39,0.44,2026-04-23,1934,N,VIIRS,n,2.0NRT,287.45,0.4,N
17.90518,97.7122,302.58,0.39,0.44,2026-04-23,1934,N,VIIRS,n,2.0NRT,289.07,0.48,N
17.91106,97.70289,311.54,0.39,0.44,2026-04-23,1934,N,VIIRS,n,2.0NRT,291.24,1.96,N
18.06035,98.90011,304.07,0.46,0.47,2026-04-23,1934,N,VIIRS,n,2.0NRT,277.89,1.74,N
18.14152,97.83543,303.75,0.4,0.44,2026-04-23,1934,N,VIIRS,n,2.0NRT,290.96,1.5,N
18.25223,98.44366,304.87,0.43,0.46,2026-04-23,1934,N,VIIRS,n,2.0NRT,291.66,2.61,N
18.25515,98.4511,318.38,0.43,0.46,2026-04-23,1934,N,VIIRS,n,2.0NRT,291.57,2.3,N
18.28071,97.80836,306.09,0.39,0.44,2026-04-23,1934,N,VIIRS,n,2.0NRT,291.56,0.57,N
18.29066,97.49073,308.32,0.57,0.43,2026-04-23,1934,N,VIIRS,n,2.0NRT,292.68,2.96,N
18.29224,97.48936,306.68,0.57,0.43,2026-04-23,1934,N,VIIRS,n,2.0NRT,292.77,3.35,N
18.33614,97.53213,307.09,0.57,0.43,2026-04-23,1934,N,VIIRS,n,2.0NRT,291.99,2.51,N
18.34006,97.5331,305.62,0.57,0.43,2026-04-23,1934,N,VIIRS,n,2.0NRT,292.09,2.34,N
18.34661,97.7442,307.66,0.39,0.44,2026-04-23,1934,N,VIIRS,n,2.0NRT,292.28,1.4,N
18.34899,97.68598,311.65,0.39,0.44,2026-04-23,1934,N,VIIRS,n,2.0NRT,293.13,1.46,N
18.34971,97.68201,311.78,0.39,0.44,2026-04-23,1934,N,VIIRS,n,2.0NRT,293.55,1.46,N
18.35299,97.6867,321.61,0.39,0.44,2026-04-23,1934,N,VIIRS,n,2.0NRT,293.75,2.53,N
18.35414,97.68616,323.23,0.39,0.44,2026-04-23,1934,N,VIIRS,n,2.0NRT,294.07,2.38,N
18.357,97.68731,330.96,0.39,0.44,2026-04-23,1934,N,VIIRS,n,2.0NRT,294.32,2.53,N
18.35768,97.68362,315.93,0.39,0.44,2026-04-23,1934,N,VIIRS,n,2.0NRT,293.57,2.53,N
18.35815,97.68684,331.11,0.39,0.44,2026-04-23,1934,N,VIIRS,n,2.0NRT,294.34,2.38,N
18.35884,97.68319,310.27,0.39,0.44,2026-04-23,1934,N,VIIRS,n,2.0NRT,294.0,2.38,N
18.46112,99.07769,299.76,0.47,0.48,2026-04-23,1934,N,VIIRS,n,2.0NRT,277.55,0.56,N
18.46199,99.07327,302.46,0.47,0.47,2026-04-23,1934,N,VIIRS,n,2.0NRT,280.33,0.56,N
18.65613,98.37725,305.14,0.42,0.45,2026-04-23,1934,N,VIIRS,n,2.0NRT,291.82,0.88,N
18.6816,98.24028,301.87,0.41,0.45,2026-04-23,1934,N,VIIRS,n,2.0NRT,290.8,0.39,N
18.68206,99.38174,296.87,0.48,0.48,2026-04-23,1934,N,VIIRS,n,2.0NRT,272.65,0.58,N
18.71935,99.3786,301.56,0.48,0.48,2026-04-23,1934,N,VIIRS,n,2.0NRT,280.12,1.81,N
18.74605,99.5723,300.22,0.5,0.49,2026-04-23,1934,N,VIIRS,n,2.0NRT,281.29,0.28,N
18.75955,98.33537,304.72,0.42,0.45,2026-04-23,1934,N,VIIRS,n,2.0NRT,290.41,0.72,N
18.796,99.49719,312.83,0.49,0.49,2026-04-23,1934,N,VIIRS,n,2.0NRT,288.29,1.6,N
18.86809,99.77419,303.42,0.51,0.49,2026-04-23,1934,N,VIIRS,n,2.0NRT,289.56,0.44,N
18.88194,99.38616,310.01,0.48,0.48,2026-04-23,1934,N,VIIRS,n,2.0NRT,288.55,1.21,N
18.92828,99.19266,304.93,0.47,0.47,2026-04-23,1934,N,VIIRS,n,2.0NRT,290.02,0.52,N
18.93328,99.19162,303.58,0.47,0.47,2026-04-23,1934,N,VIIRS,n,2.0NRT,290.97,0.43,N
18.93344,99.18919,303.0,0.47,0.47,2026-04-23,1934,N,VIIRS,n,2.0NRT,290.41,0.56,N
18.95437,99.314,305.38,0.47,0.48,2026-04-23,1934,N,VIIRS,n,2.0NRT,288.75,2.16,N
18.9605,99.11791,306.82,0.46,0.47,2026-04-23,1934,N,VIIRS,n,2.0NRT,291.31,1.54,N
18.96174,99.11605,305.97,0.46,0.47,2026-04-23,1934,N,VIIRS,n,2.0NRT,291.18,1.75,N
18.99184,98.40583,310.8,0.42,0.45,2026-04-23,1934,N,VIIRS,n,2.0NRT,289.29,0.61,N
19.03825,99.74908,305.7,0.5,0.49,2026-04-23,1934,N,VIIRS,n,2.0NRT,289.29,0.84,N
19.0389,99.7521,306.51,0.5,0.49,2026-04-23,1934,N,VIIRS,n,2.0NRT,289.69,1.24,N
19.04003,99.10493,309.77,0.46,0.47,2026-04-23,1934,N,VIIRS,n,2.0NRT,291.22,1.52,N
19.06769,98.18672,300.46,0.4,0.44,2026-04-23,1934,N,VIIRS,n,2.0NRT,288.51,0.35,N
19.07822,98.99829,310.62,0.45,0.47,2026-04-23,1934,N,VIIRS,n,2.0NRT,291.73,1.22,N
19.08109,98.99718,312.93,0.45,0.47,2026-04-23,1934,N,VIIRS,n,2.0NRT,291.79,1.72,N
19.31212,99.47746,302.28,0.48,0.48,2026-04-23,1934,N,VIIRS,n,2.0NRT,290.34,0.42,N
19.31622,98.82137,302.34,0.44,0.46,2026-04-23,1934,N,VIIRS,n,2.0NRT,289.97,0.47,N
19.38566,99.31272,306.4,0.47,0.47,2026-04-23,1934,N,VIIRS,n,2.0NRT,290.18,1.43,N
19.38638,99.30904,317.04,0.47,0.47,2026-04-23,1934,N,VIIRS,n,2.0NRT,290.65,2.41,N
19.39012,99.31293,314.11,0.47,0.47,2026-04-23,1934,N,VIIRS,n,2.0NRT,290.36,1.95,N
19.39082,99.30937,317.27,0.47,0.47,2026-04-23,1934,N,VIIRS,n,2.0NRT,290.46,2.37,N
19.40042,99.58197,303.08,0.48,0.48,2026-04-23,1934,N,VIIRS,n,2.0NRT,290.65,0.97,N
19.41714,99.59008,311.79,0.48,0.48,2026-04-23,1934,N,VIIRS,n,2.0NRT,290.42,2.4,N
19.48588,98.73216,310.75,0.43,0.46,2026-04-23,1934,N,VIIRS,n,2.0NRT,290.03,1.14,N
19.48971,98.50378,309.07,0.41,0.45,2026-04-23,1934,N,VIIRS,n,2.0NRT,290.72,0.99,N
19.52207,98.9715,304.31,0.44,0.46,2026-04-23,1934,N,VIIRS,n,2.0NRT,291.03,1.63,N
19.52246,98.97322,304.93,0.44,0.46,2026-04-23,1934,N,VIIRS,n,2.0NRT,291.4,1.1,N
19.52709,98.96835,305.72,0.44,0.46,2026-04-23,1934,N,VIIRS,n,2.0NRT,290.97,0.8,N
19.52745,98.97011,305.82,0.44,0.46,2026-04-23,1934,N,VIIRS,n,2.0NRT,291.08,0.83,N
19.52935,98.686,302.62,0.42,0.45,2026-04-23,1934,N,VIIRS,n,2.0NRT,291.27,1.01,N
19.53485,99.54448,308.72,0.48,0.48,2026-04-23,1934,N,VIIRS,n,2.0NRT,290.48,1.54,N
19.53926,99.54525,310.08,0.48,0.48,2026-04-23,1934,N,VIIRS,n,2.0NRT,290.32,1.54,N
19.5448,98.96769,309.95,0.44,0.46,2026-04-23,1934,N,VIIRS,n,2.0NRT,291.33,1.49,N
19.54759,98.65817,323.68,0.42,0.45,2026-04-23,1934,N,VIIRS,n,2.0NRT,290.4,2.18,N
19.55174,98.659,330.12,0.42,0.45,2026-04-23,1934,N,VIIRS,n,2.0NRT,290.91,2.67,N
19.56456,98.47931,303.66,0.41,0.45,2026-04-23,1934,N,VIIRS,n,2.0NRT,291.01,0.98,N
19.62283,99.42056,303.97,0.47,0.48,2026-04-23,1934,N,VIIRS,n,2.0NRT,290.18,1.23,N
19.71022,98.81009,302.26,0.43,0.46,2026-04-23,1934,N,VIIRS,n,2.0NRT,291.6,0.99,N
19.71947,98.80702,303.35,0.43,0.46,2026-04-23,1934,N,VIIRS,n,2.0NRT,291.34,0.72,N
19.77308,98.72974,302.81,0.42,0.45,2026-04-23,1934,N,VIIRS,n,2.0NRT,291.17,0.62,N
19.86503,97.67705,305.6,0.55,0.43,2026-04-23,1934,N,VIIRS,n,2.0NRT,292.8,1.12,N
20.05258,99.54248,303.67,0.47,0.48,2026-04-23,1934,N,VIIRS,n,2.0NRT,290.47,0.6,N
20.25424,99.35046,308.67,0.45,0.47,2026-04-23,1934,N,VIIRS,n,2.0NRT,290.48,1.8,N
17.51193,99.9736,336.93,0.39,0.36,2026-04-24,644,N,VIIRS,n,2.0NRT,293.01,2.67,D
17.55183,97.95537,340.28,0.4,0.37,2026-04-24,644,N,VIIRS,n,2.0NRT,300.1,3.97,D
17.79699,99.50912,341.42,0.38,0.36,2026-04-24,644,N,VIIRS,n,2.0NRT,298.53,3.71,D
17.80031,99.50858,340.57,0.38,0.36,2026-04-24,644,N,VIIRS,n,2.0NRT,299.49,3.71,D
17.80494,98.0534,347.84,0.39,0.36,2026-04-24,644,N,VIIRS,n,2.0NRT,301.89,4.56,D
17.80553,98.05715,330.92,0.39,0.36,2026-04-24,644,N,VIIRS,n,2.0NRT,299.88,4.56,D
17.83999,99.36878,337.01,0.38,0.36,2026-04-24,644,N,VIIRS,n,2.0NRT,300.7,2.49,D
17.8433,99.36824,343.95,0.38,0.36,2026-04-24,644,N,VIIRS,n,2.0NRT,300.38,4.37,D
17.85374,98.79879,341.03,0.39,0.36,2026-04-24,644,N,VIIRS,n,2.0NRT,304.56,3.98,D
17.89639,98.29118,333.13,0.39,0.36,2026-04-24,644,N,VIIRS,n,2.0NRT,299.63,6.94,D
17.89698,98.2949,333.65,0.39,0.36,2026-04-24,644,N,VIIRS,n,2.0NRT,297.38,7.51,D
17.89894,97.78784,343.78,0.4,0.37,2026-04-24,644,N,VIIRS,n,2.0NRT,309.53,6.58,D
17.90831,99.01973,338.75,0.38,0.36,2026-04-24,644,N,VIIRS,n,2.0NRT,301.33,4.58,D
17.94917,98.12669,333.55,0.39,0.36,2026-04-24,644,N,VIIRS,n,2.0NRT,303.63,4.09,D
17.95649,99.7805,339.8,0.39,0.36,2026-04-24,644,N,VIIRS,n,2.0NRT,301.28,10.77,D
18.05634,98.87939,335.05,0.38,0.36,2026-04-24,644,N,VIIRS,n,2.0NRT,303.74,1.89,D
18.05698,100.57652,338.48,0.4,0.37,2026-04-24,644,N,VIIRS,n,2.0NRT,299.55,3.66,D
18.05863,100.58781,335.72,0.4,0.37,2026-04-24,644,N,VIIRS,n,2.0NRT,299.77,2.76,D
18.06035,100.57596,338.48,0.4,0.37,2026-04-24,644,N,VIIRS,n,2.0NRT,299.78,3.66,D
18.06254,100.59103,332.35,0.4,0.37,2026-04-24,644,N,VIIRS,n,2.0NRT,299.26,2.76,D
18.06701,100.59798,332.62,0.4,0.37,2026-04-24,644,N,VIIRS,n,2.0NRT,299.54,2.83,D
18.07308,100.616,337.39,0.4,0.37,2026-04-24,644,N,VIIRS,n,2.0NRT,299.67,3.38,D
18.077,100.61921,343.61,0.4,0.37,2026-04-24,644,N,VIIRS,n,2.0NRT,300.93,4.28,D
18.07751,99.39519,332.58,0.38,0.36,2026-04-24,644,N,VIIRS,n,2.0NRT,301.16,1.89,D
18.08147,100.62617,334.93,0.4,0.37,2026-04-24,644,N,VIIRS,n,2.0NRT,299.38,4.02,D
18.08541,100.62946,332.13,0.4,0.37,2026-04-24,644,N,VIIRS,n,2.0NRT,299.1,3.11,D
18.09272,100.63223,338.25,0.4,0.37,2026-04-24,644,N,VIIRS,n,2.0NRT,299.42,4.26,D
18.09665,100.63547,337.1,0.4,0.37,2026-04-24,644,N,VIIRS,n,2.0NRT,298.86,3.12,D
18.0972,100.63927,335.24,0.4,0.37,2026-04-24,644,N,VIIRS,n,2.0NRT,299.56,3.12,D
18.12107,97.82175,333.46,0.4,0.37,2026-04-24,644,N,VIIRS,n,2.0NRT,305.07,3.82,D
18.14426,100.69698,342.11,0.4,0.37,2026-04-24,644,N,VIIRS,n,2.0NRT,301.27,3.42,D
18.1448,100.70071,335.69,0.4,0.37,2026-04-24,644,N,VIIRS,n,2.0NRT,300.76,3.42,D
18.15767,97.89198,341.36,0.4,0.37,2026-04-24,644,N,VIIRS,n,2.0NRT,305.1,4.22,D
18.17304,97.53511,336.22,0.4,0.37,2026-04-24,644,N,VIIRS,n,2.0NRT,306.45,4.89,D
18.35807,99.30309,337.34,0.38,0.36,2026-04-24,644,N,VIIRS,n,2.0NRT,302.82,1.89,D
18.39158,102.02537,338.96,0.45,0.39,2026-04-24,644,N,VIIRS,n,2.0NRT,290.89,5.49,D
18.44307,101.98423,343.18,0.44,0.39,2026-04-24,644,N,VIIRS,n,2.0NRT,295.06,6.82,D
18.46248,99.08102,332.34,0.38,0.36,2026-04-24,644,N,VIIRS,n,2.0NRT,301.99,6.44,D
18.46855,99.07629,346.43,0.38,0.36,2026-04-24,644,N,VIIRS,n,2.0NRT,303.43,4.78,D
18.48229,101.84863,335.89,0.44,0.38,2026-04-24,644,N,VIIRS,n,2.0NRT,296.43,1.94,D
18.51048,99.2848,347.87,0.38,0.36,2026-04-24,644,N,VIIRS,n,2.0NRT,300.42,23.62,D
18.52545,99.71928,334.27,0.39,0.36,2026-04-24,644,N,VIIRS,n,2.0NRT,302.58,3.25,D
18.5897,101.82114,339.83,0.44,0.38,2026-04-24,644,N,VIIRS,n,2.0NRT,295.45,5.11,D
18.60287,100.86006,332.58,0.41,0.37,2026-04-24,644,N,VIIRS,n,2.0NRT,301.03,2.91,D
18.61259,98.25645,335.25,0.39,0.36,2026-04-24,644,N,VIIRS,n,2.0NRT,305.54,5.09,D
18.61755,99.57236,341.5,0.39,0.36,2026-04-24,644,N,VIIRS,n,2.0NRT,310.3,5.93,D
18.62032,99.56816,343.46,0.39,0.36,2026-04-24,644,N,VIIRS,n,2.0NRT,309.68,4.7,D
18.63318,101.79855,335.52,0.44,0.38,2026-04-24,644,N,VIIRS,n,2.0NRT,298.2,4.28,D
18.63729,101.80215,335.14,0.44,0.38,2026-04-24,644,N,VIIRS,n,2.0NRT,299.88,6.01,D
18.65771,97.96478,331.25,0.39,0.36,2026-04-24,644,N,VIIRS,n,2.0NRT,303.84,1.97,D
18.69994,99.59991,340.8,0.39,0.36,2026-04-24,644,N,VIIRS,n,2.0NRT,307.3,7.0,D
18.71288,101.75327,335.26,0.44,0.38,2026-04-24,644,N,VIIRS,n,2.0NRT,294.84,3.27,D
18.71327,101.75198,332.22,0.44,0.38,2026-04-24,644,N,VIIRS,n,2.0NRT,295.34,2.94,D
18.75651,99.755,333.79,0.39,0.36,2026-04-24,644,N,VIIRS,n,2.0NRT,298.36,12.65,D
18.76471,99.58143,335.13,0.39,0.36,2026-04-24,644,N,VIIRS,n,2.0NRT,304.95,3.28,D
18.7925,99.29654,340.17,0.38,0.36,2026-04-24,644,N,VIIRS,n,2.0NRT,302.07,3.62,D
18.8326,99.69385,344.26,0.39,0.36,2026-04-24,644,N,VIIRS,n,2.0NRT,303.74,4.39,D
18.83592,99.69331,346.52,0.39,0.36,2026-04-24,644,N,VIIRS,n,2.0NRT,303.56,4.39,D
18.89521,101.10403,332.21,0.42,0.37,2026-04-24,644,N,VIIRS,n,2.0NRT,295.08,3.55,D
19.04941,98.43166,337.24,0.39,0.36,2026-04-24,644,N,VIIRS,n,2.0NRT,307.23,3.34,D
19.05214,98.42739,331.56,0.39,0.36,2026-04-24,644,N,VIIRS,n,2.0NRT,302.63,3.42,D
19.05271,98.43105,336.36,0.39,0.36,2026-04-24,644,N,VIIRS,n,2.0NRT,304.78,6.74,D
19.05503,99.78108,335.87,0.39,0.36,2026-04-24,644,N,VIIRS,n,2.0NRT,299.31,3.15,D
19.06295,99.33987,339.36,0.39,0.36,2026-04-24,644,N,VIIRS,n,2.0NRT,302.87,5.05,D
19.0636,98.07135,333.39,0.39,0.36,2026-04-24,644,N,VIIRS,n,2.0NRT,305.32,2.32,D
19.0642,98.76887,332.42,0.38,0.36,2026-04-24,644,N,VIIRS,n,2.0NRT,301.67,2.4,D
19.07381,98.32604,334.87,0.39,0.36,2026-04-24,644,N,VIIRS,n,2.0NRT,306.53,2.03,D
19.09031,101.70042,349.04,0.44,0.38,2026-04-24,644,N,VIIRS,n,2.0NRT,303.67,16.04,D
19.0929,98.55861,336.34,0.38,0.36,2026-04-24,644,N,VIIRS,n,2.0NRT,307.64,2.65,D
19.09783,98.54656,343.49,0.38,0.36,2026-04-24,644,N,VIIRS,n,2.0NRT,309.06,2.99,D
19.15112,97.93819,337.06,0.39,0.36,2026-04-24,644,N,VIIRS,n,2.0NRT,305.89,2.74,D
19.19497,98.43177,339.73,0.39,0.36,2026-04-24,644,N,VIIRS,n,2.0NRT,308.25,3.23,D
19.22082,99.67058,340.0,0.39,0.36,2026-04-24,644,N,VIIRS,n,2.0NRT,306.53,6.09,D
19.22361,99.66637,336.42,0.39,0.36,2026-04-24,644,N,VIIRS,n,2.0NRT,305.7,6.09,D
19.22719,97.77956,334.67,0.39,0.36,2026-04-24,644,N,VIIRS,n,2.0NRT,303.88,3.27,D
19.23053,97.77901,338.85,0.39,0.36,2026-04-24,644,N,VIIRS,n,2.0NRT,304.2,3.27,D
19.26339,98.21763,344.38,0.39,0.36,2026-04-24,644,N,VIIRS,n,2.0NRT,310.33,8.37,D
19.2966,98.02274,339.91,0.39,0.36,2026-04-24,644,N,VIIRS,n,2.0NRT,304.53,4.31,D
19.34012,99.00185,347.85,0.38,0.36,2026-04-24,644,N,VIIRS,n,2.0NRT,307.63,6.24,D
19.36313,99.71825,345.38,0.39,0.36,2026-04-24,644,N,VIIRS,n,2.0NRT,301.26,4.02,D
19.36645,99.71764,335.37,0.39,0.36,2026-04-24,644,N,VIIRS,n,2.0NRT,299.54,4.02,D
19.37517,98.02744,332.63,0.39,0.36,2026-04-24,644,N,VIIRS,n,2.0NRT,304.95,2.75,D
19.38642,99.3081,346.13,0.39,0.36,2026-04-24,644,N,VIIRS,n,2.0NRT,308.35,10.59,D
19.38973,99.30753,349.14,0.39,0.36,2026-04-24,644,N,VIIRS,n,2.0NRT,314.19,49.29,D
19.39466,99.31772,334.5,0.39,0.36,2026-04-24,644,N,VIIRS,n,2.0NRT,301.68,2.94,D
19.39592,99.62272,337.17,0.39,0.36,2026-04-24,644,N,VIIRS,n,2.0NRT,303.5,4.4,D
19.39798,99.38511,337.7,0.39,0.36,2026-04-24,644,N,VIIRS,n,2.0NRT,305.82,2.5,D
19.40803,99.65839,334.18,0.39,0.36,2026-04-24,644,N,VIIRS,n,2.0NRT,303.03,3.18,D
19.40857,99.66204,336.71,0.39,0.36,2026-04-24,644,N,VIIRS,n,2.0NRT,304.22,3.18,D
19.4091,99.66564,337.49,0.39,0.36,2026-04-24,644,N,VIIRS,n,2.0NRT,303.68,4.74,D
19.41981,98.81596,343.38,0.38,0.36,2026-04-24,644,N,VIIRS,n,2.0NRT,307.24,4.66,D
19.42875,99.54544,337.49,0.39,0.36,2026-04-24,644,N,VIIRS,n,2.0NRT,308.14,16.03,D
19.42928,99.54903,339.12,0.39,0.36,2026-04-24,644,N,VIIRS,n,2.0NRT,308.51,21.97,D
19.43207,99.54489,336.51,0.39,0.36,2026-04-24,644,N,VIIRS,n,2.0NRT,311.1,33.86,D
19.43261,99.5485,336.73,0.39,0.36,2026-04-24,644,N,VIIRS,n,2.0NRT,303.04,23.65,D
19.44457,97.67558,341.17,0.39,0.36,2026-04-24,644,N,VIIRS,n,2.0NRT,304.64,3.88,D
19.48104,97.7536,339.14,0.39,0.36,2026-04-24,644,N,VIIRS,n,2.0NRT,303.67,4.28,D
19.4878,98.50852,340.53,0.38,0.36,2026-04-24,644,N,VIIRS,n,2.0NRT,300.61,7.9,D
19.4912,99.21901,339.9,0.39,0.36,2026-04-24,644,N,VIIRS,n,2.0NRT,304.86,3.07,D
19.49467,98.28971,339.18,0.39,0.36,2026-04-24,644,N,VIIRS,n,2.0NRT,302.56,4.01,D
19.51617,99.59077,337.09,0.39,0.36,2026-04-24,644,N,VIIRS,n,2.0NRT,302.92,3.87,D
19.51726,99.59805,343.83,0.39,0.36,2026-04-24,644,N,VIIRS,n,2.0NRT,304.12,6.79,D
19.53347,99.54665,347.03,0.39,0.36,2026-04-24,644,N,VIIRS,n,2.0NRT,304.2,10.1,D
19.53625,99.54243,353.51,0.39,0.36,2026-04-24,644,N,VIIRS,n,2.0NRT,307.0,18.67,D
19.53679,99.54609,340.47,0.39,0.36,2026-04-24,644,N,VIIRS,n,2.0NRT,304.2,10.1,D
19.53794,99.53089,343.32,0.39,0.36,2026-04-24,644,N,VIIRS,n,2.0NRT,302.21,4.62,D
19.53936,102.49123,333.24,0.48,0.4,2026-04-24,644,N,VIIRS,n,2.0NRT,299.3,4.15,D
19.53957,99.54187,350.91,0.39,0.36,2026-04-24,644,N,VIIRS,n,2.0NRT,305.41,15.11,D
19.54012,99.54552,341.81,0.39,0.36,2026-04-24,644,N,VIIRS,n,2.0NRT,302.8,4.08,D
19.54126,99.53032,340.51,0.39,0.36,2026-04-24,644,N,VIIRS,n,2.0NRT,302.67,4.62,D
19.54891,98.66275,335.38,0.38,0.36,2026-04-24,644,N,VIIRS,n,2.0NRT,303.89,2.21,D
19.55222,98.66219,340.06,0.38,0.36,2026-04-24,644,N,VIIRS,n,2.0NRT,304.57,2.21,D
19.56357,98.43146,344.24,0.38,0.36,2026-04-24,644,N,VIIRS,n,2.0NRT,313.43,9.25,D
19.60739,99.1805,340.48,0.39,0.36,2026-04-24,644,N,VIIRS,n,2.0NRT,308.24,8.1,D
19.62278,99.23767,339.04,0.39,0.36,2026-04-24,644,N,VIIRS,n,2.0NRT,304.19,3.5,D
19.63796,102.03639,336.14,0.46,0.39,2026-04-24,644,N,VIIRS,n,2.0NRT,302.8,3.61,D
19.64979,98.6824,343.31,0.38,0.36,2026-04-24,644,N,VIIRS,n,2.0NRT,305.12,2.5,D
19.65035,98.68606,348.7,0.38,0.36,2026-04-24,644,N,VIIRS,n,2.0NRT,306.84,4.75,D
19.65091,98.6897,334.28,0.38,0.36,2026-04-24,644,N,VIIRS,n,2.0NRT,303.13,4.75,D
19.65366,98.68549,346.77,0.38,0.36,2026-04-24,644,N,VIIRS,n,2.0NRT,307.17,6.4,D
19.66771,102.14849,336.71,0.46,0.39,2026-04-24,644,N,VIIRS,n,2.0NRT,304.77,2.76,D
19.68211,99.34391,334.43,0.39,0.36,2026-04-24,644,N,VIIRS,n,2.0NRT,306.22,2.18,D
19.7165,98.71992,345.41,0.38,0.36,2026-04-24,644,N,VIIRS,n,2.0NRT,307.57,4.2,D
19.71834,102.38826,346.53,0.48,0.4,2026-04-24,644,N,VIIRS,n,2.0NRT,308.37,11.24,D
19.71877,102.16983,345.56,0.47,0.39,2026-04-24,644,N,VIIRS,n,2.0NRT,304.4,4.61,D
19.76345,99.2966,339.11,0.39,0.36,2026-04-24,644,N,VIIRS,n,2.0NRT,303.58,2.12,D
19.85289,102.25304,335.95,0.47,0.4,2026-04-24,644,N,VIIRS,n,2.0NRT,305.09,8.76,D
19.85536,102.24918,333.73,0.47,0.4,2026-04-24,644,N,VIIRS,n,2.0NRT,303.57,3.01,D
19.85658,101.62971,348.47,0.44,0.39,2026-04-24,644,N,VIIRS,n,2.0NRT,301.43,7.85,D
19.91062,101.065,345.55,0.42,0.38,2026-04-24,644,N,VIIRS,n,2.0NRT,305.89,38.55,D
19.9119,101.06499,345.61,0.42,0.38,2026-04-24,644,N,VIIRS,n,2.0NRT,302.27,32.18,D
19.97332,101.88049,348.03,0.46,0.39,2026-04-24,644,N,VIIRS,n,2.0NRT,306.63,8.72,D
19.97706,101.2537,339.07,0.43,0.38,2026-04-24,644,N,VIIRS,n,2.0NRT,308.12,4.95,D
19.99961,102.2711,347.22,0.47,0.4,2026-04-24,644,N,VIIRS,n,2.0NRT,307.23,4.1,D
20.00327,102.27046,337.3,0.47,0.4,2026-04-24,644,N,VIIRS,n,2.0NRT,306.83,2.42,D
20.01072,101.26457,338.8,0.43,0.38,2026-04-24,644,N,VIIRS,n,2.0NRT,308.91,3.17,D
20.01259,101.3037,340.17,0.43,0.38,2026-04-24,644,N,VIIRS,n,2.0NRT,306.99,4.35,D
20.01859,101.60981,338.2,0.44,0.39,2026-04-24,644,N,VIIRS,n,2.0NRT,302.75,7.12,D
20.11749,102.1257,333.34,0.47,0.4,2026-04-24,644,N,VIIRS,n,2.0NRT,300.2,2.82,D
20.1402,101.63067,338.83,0.45,0.39,2026-04-24,644,N,VIIRS,n,2.0NRT,308.42,5.67,D
20.15013,102.34219,342.84,0.48,0.4,2026-04-24,644,N,VIIRS,n,2.0NRT,307.06,5.14,D
20.15244,102.38794,341.87,0.48,0.4,2026-04-24,644,N,VIIRS,n,2.0NRT,303.28,40.09,D
20.15615,102.38749,346.15,0.48,0.4,2026-04-24,644,N,VIIRS,n,2.0NRT,305.77,45.32,D
19.57909,97.57921,343.05,0.39,0.37,2026-04-24,646,N,VIIRS,n,2.0NRT,316.5,5.4,D
19.69629,97.59272,347.75,0.39,0.36,2026-04-24,646,N,VIIRS,n,2.0NRT,310.33,5.51,D
19.84223,97.93748,340.07,0.39,0.36,2026-04-24,646,N,VIIRS,n,2.0NRT,306.87,5.79,D
19.84281,97.94116,336.89,0.39,0.36,2026-04-24,646,N,VIIRS,n,2.0NRT,307.45,5.79,D
19.84556,97.93693,342.39,0.39,0.36,2026-04-24,646,N,VIIRS,n,2.0NRT,307.42,5.79,D
19.84614,97.9406,344.88,0.39,0.36,2026-04-24,646,N,VIIRS,n,2.0NRT,309.4,5.79,D
19.85219,98.78985,334.26,0.38,0.36,2026-04-24,646,N,VIIRS,n,2.0NRT,297.6,5.42,D
19.85275,98.7935,345.44,0.38,0.36,2026-04-24,646,N,VIIRS,n,2.0NRT,299.27,5.47,D
19.85726,98.86765,333.28,0.38,0.36,2026-04-24,646,N,VIIRS,n,2.0NRT,301.59,3.02,D
19.88201,98.8297,332.0,0.38,0.36,2026-04-24,646,N,VIIRS,n,2.0NRT,299.43,1.94,D
19.90938,97.40733,348.42,0.4,0.37,2026-04-24,646,N,VIIRS,n,2.0NRT,313.75,10.21,D
19.92432,97.39305,347.09,0.4,0.37,2026-04-24,646,N,VIIRS,n,2.0NRT,312.2,9.73,D
20.00503,98.46297,331.81,0.38,0.36,2026-04-24,646,N,VIIRS,n,2.0NRT,300.33,1.84,D
20.01624,97.49406,338.13,0.39,0.36,2026-04-24,646,N,VIIRS,n,2.0NRT,297.74,3.82,D
20.04097,97.50929,341.48,0.39,0.36,2026-04-24,646,N,VIIRS,n,2.0NRT,302.77,5.07,D
20.04505,98.10973,342.31,0.39,0.36,2026-04-24,646,N,VIIRS,n,2.0NRT,302.76,5.75,D
20.08449,99.4543,335.06,0.39,0.36,2026-04-24,646,N,VIIRS,n,2.0NRT,302.85,2.55,D
20.10115,99.38324,332.47,0.39,0.36,2026-04-24,646,N,VIIRS,n,2.0NRT,299.07,2.14,D
20.1275,101.09811,338.52,0.43,0.38,2026-04-24,646,N,VIIRS,n,2.0NRT,303.72,3.04,D
20.12962,97.50539,345.84,0.39,0.36,2026-04-24,646,N,VIIRS,n,2.0NRT,303.69,5.09,D
20.15264,101.01588,340.14,0.42,0.38,2026-04-24,646,N,VIIRS,n,2.0NRT,308.04,4.53,D
20.16268,97.59104,339.08,0.39,0.36,2026-04-24,646,N,VIIRS,n,2.0NRT,300.48,3.34,D
20.18322,101.18542,336.25,0.43,0.38,2026-04-24,646,N,VIIRS,n,2.0NRT,304.8,3.43,D
20.19148,101.45598,338.63,0.44,0.38,2026-04-24,646,N,VIIRS,n,2.0NRT,308.0,3.65,D
20.2135,99.34867,342.79,0.39,0.36,2026-04-24,646,N,VIIRS,n,2.0NRT,308.39,7.39,D
20.21683,99.34814,343.69,0.39,0.36,2026-04-24,646,N,VIIRS,n,2.0NRT,307.07,7.39,D
20.2407,101.52566,353.44,0.44,0.39,2026-04-24,646,N,VIIRS,n,2.0NRT,310.58,25.25,D
20.25565,99.28857,341.62,0.39,0.36,2026-04-24,646,N,VIIRS,n,2.0NRT,307.31,2.81,D
20.26603,101.49931,337.79,0.44,0.38,2026-04-24,646,N,VIIRS,n,2.0NRT,304.16,5.23,D
20.26958,101.49883,340.65,0.44,0.38,2026-04-24,646,N,VIIRS,n,2.0NRT,303.91,5.23,D
20.27556,99.30796,348.55,0.39,0.36,2026-04-24,646,N,VIIRS,n,2.0NRT,311.28,15.35,D
20.29844,101.31635,336.68,0.44,0.38,2026-04-24,646,N,VIIRS,n,2.0NRT,307.86,2.91,D
20.30867,98.65459,330.87,0.38,0.36,2026-04-24,646,N,VIIRS,n,2.0NRT,305.78,2.18,D
20.31187,101.99765,339.78,0.46,0.39,2026-04-24,646,N,VIIRS,n,2.0NRT,300.82,4.14,D
20.32164,101.22441,333.51,0.43,0.38,2026-04-24,646,N,VIIRS,n,2.0NRT,304.95,3.99,D
20.32384,99.31895,337.8,0.39,0.36,2026-04-24,646,N,VIIRS,n,2.0NRT,303.86,3.77,D
20.33892,99.10092,340.89,0.39,0.36,2026-04-24,646,N,VIIRS,n,2.0NRT,305.51,3.15,D
20.34941,99.1029,346.83,0.39,0.36,2026-04-24,646,N,VIIRS,n,2.0NRT,307.15,5.28,D
20.35272,99.10233,347.35,0.39,0.36,2026-04-24,646,N,VIIRS,n,2.0NRT,304.98,4.49,D
20.35708,99.01855,333.97,0.39,0.36,2026-04-24,646,N,VIIRS,n,2.0NRT,301.81,2.13,D
20.35771,99.15819,337.11,0.39,0.36,2026-04-24,646,N,VIIRS,n,2.0NRT,306.7,2.87,D
20.36301,99.42228,343.41,0.39,0.36,2026-04-24,646,N,VIIRS,n,2.0NRT,304.72,4.17,D
20.36519,101.94924,337.38,0.46,0.39,2026-04-24,646,N,VIIRS,n,2.0NRT,306.92,4.59,D
20.37215,98.85023,346.05,0.38,0.36,2026-04-24,646,N,VIIRS,n,2.0NRT,308.53,4.69,D
20.38355,99.72515,338.33,0.39,0.36,2026-04-24,646,N,VIIRS,n,2.0NRT,304.22,3.07,D
20.38691,99.72465,336.83,0.39,0.36,2026-04-24,646,N,VIIRS,n,2.0NRT,305.1,3.07,D
20.40305,99.3476,349.34,0.39,0.36,2026-04-24,646,N,VIIRS,n,2.0NRT,308.64,9.3,D
20.40672,98.74266,334.81,0.38,0.36,2026-04-24,646,N,VIIRS,n,2.0NRT,304.65,4.22,D
20.4081,99.04366,352.9,0.39,0.36,2026-04-24,646,N,VIIRS,n,2.0NRT,309.48,9.33,D
20.40919,99.09624,337.85,0.39,0.36,2026-04-24,646,N,VIIRS,n,2.0NRT,307.11,9.77,D
20.41307,99.30049,342.31,0.39,0.36,2026-04-24,646,N,VIIRS,n,2.0NRT,311.59,4.1,D
20.4139,98.74521,336.79,0.38,0.36,2026-04-24,646,N,VIIRS,n,2.0NRT,303.63,3.05,D
20.41446,98.74887,333.5,0.38,0.36,2026-04-24,646,N,VIIRS,n,2.0NRT,305.45,2.62,D
20.42633,99.09723,339.96,0.39,0.36,2026-04-24,646,N,VIIRS,n,2.0NRT,307.39,3.0,D
20.42834,100.27877,333.61,0.4,0.37,2026-04-24,646,N,VIIRS,n,2.0NRT,305.2,4.01,D
20.42835,100.25484,342.71,0.4,0.37,2026-04-24,646,N,VIIRS,n,2.0NRT,309.25,3.62,D
20.42888,100.28256,343.56,0.4,0.37,2026-04-24,646,N,VIIRS,n,2.0NRT,309.3,4.01,D
20.43402,99.23988,335.91,0.39,0.36,2026-04-24,646,N,VIIRS,n,2.0NRT,307.97,2.05,D
20.43787,98.97069,337.93,0.39,0.36,2026-04-24,646,N,VIIRS,n,2.0NRT,310.79,3.61,D
20.43819,97.57209,335.62,0.39,0.36,2026-04-24,646,N,VIIRS,n,2.0NRT,306.65,2.96,D
20.44396,98.63431,339.32,0.38,0.36,2026-04-24,646,N,VIIRS,n,2.0NRT,305.4,3.0,D
20.45348,101.58582,346.04,0.45,0.39,2026-04-24,646,N,VIIRS,n,2.0NRT,305.69,39.68,D
20.45614,98.44793,334.55,0.38,0.36,2026-04-24,646,N,VIIRS,n,2.0NRT,303.3,3.97,D
20.46141,101.72614,339.0,0.45,0.39,2026-04-24,646,N,VIIRS,n,2.0NRT,305.7,15.98,D
20.46196,98.55219,342.39,0.38,0.36,2026-04-24,646,N,VIIRS,n,2.0NRT,305.71,3.31,D
20.46704,100.25706,336.22,0.4,0.37,2026-04-24,646,N,VIIRS,n,2.0NRT,304.73,31.05,D
20.46814,97.42529,336.89,0.39,0.36,2026-04-24,646,N,VIIRS,n,2.0NRT,305.65,5.47,D
20.46814,100.26476,342.46,0.4,0.37,2026-04-24,646,N,VIIRS,n,2.0NRT,309.49,39.35,D
20.47208,100.26804,350.6,0.4,0.37,2026-04-24,646,N,VIIRS,n,2.0NRT,312.46,39.35,D
20.47546,100.26743,331.39,0.4,0.37,2026-04-24,646,N,VIIRS,n,2.0NRT,300.85,3.13,D
20.47602,100.78526,345.62,0.42,0.38,2026-04-24,646,N,VIIRS,n,2.0NRT,311.21,9.11,D
20.47649,101.64821,338.31,0.45,0.39,2026-04-24,646,N,VIIRS,n,2.0NRT,306.32,6.37,D
20.47846,101.5557,334.31,0.45,0.39,2026-04-24,646,N,VIIRS,n,2.0NRT,298.25,2.41,D
20.4788,101.69226,346.15,0.45,0.39,2026-04-24,646,N,VIIRS,n,2.0NRT,309.88,14.11,D
20.47946,100.78467,341.93,0.42,0.38,2026-04-24,646,N,VIIRS,n,2.0NRT,305.48,9.11,D
20.48144,101.55088,344.12,0.45,0.39,2026-04-24,646,N,VIIRS,n,2.0NRT,290.88,17.93,D
20.482,101.55498,340.27,0.45,0.39,2026-04-24,646,N,VIIRS,n,2.0NRT,300.56,17.93,D
20.48257,101.55917,337.26,0.45,0.39,2026-04-24,646,N,VIIRS,n,2.0NRT,303.63,191.54,D
20.48316,101.56346,348.14,0.45,0.39,2026-04-24,646,N,VIIRS,n,2.0NRT,308.18,191.54,D
20.48376,101.56786,336.58,0.45,0.39,2026-04-24,646,N,VIIRS,n,2.0NRT,304.29,44.09,D
20.48441,101.54605,332.24,0.45,0.39,2026-04-24,646,N,VIIRS,n,2.0NRT,295.51,3.83,D
20.486,99.33739,344.37,0.39,0.36,2026-04-24,646,N,VIIRS,n,2.0NRT,311.28,7.19,D
20.48611,101.55849,367.0,0.45,0.39,2026-04-24,646,N,VIIRS,h,2.0NRT,347.81,191.54,D
20.48641,102.11134,334.64,0.47,0.4,2026-04-24,646,N,VIIRS,n,2.0NRT,301.51,2.96,D
20.48692,102.11012,330.9,0.47,0.4,2026-04-24,646,N,VIIRS,n,2.0NRT,300.72,2.88,D
20.48731,101.56726,354.26,0.45,0.39,2026-04-24,646,N,VIIRS,n,2.0NRT,311.79,44.09,D
20.4878,101.65089,348.51,0.45,0.39,2026-04-24,646,N,VIIRS,n,2.0NRT,310.83,16.4,D
20.48791,101.5716,340.34,0.45,0.39,2026-04-24,646,N,VIIRS,n,2.0NRT,293.75,44.09,D
20.48795,101.54537,334.04,0.45,0.39,2026-04-24,646,N,VIIRS,n,2.0NRT,293.53,3.5,D
20.48848,101.5758,344.76,0.45,0.39,2026-04-24,646,N,VIIRS,n,2.0NRT,288.64,7.2,D
20.48906,101.55351,352.06,0.45,0.39,2026-04-24,646,N,VIIRS,n,2.0NRT,302.83,20.45,D
20.49086,101.56659,355.34,0.45,0.39,2026-04-24,646,N,VIIRS,n,2.0NRT,315.29,69.9,D
20.49137,101.65029,347.11,0.45,0.39,2026-04-24,646,N,VIIRS,n,2.0NRT,314.3,16.4,D
20.49145,101.57091,333.27,0.45,0.39,2026-04-24,646,N,VIIRS,n,2.0NRT,298.59,69.9,D
20.49206,101.54889,342.37,0.45,0.39,2026-04-24,646,N,VIIRS,n,2.0NRT,301.2,20.45,D
20.49262,101.55296,355.48,0.45,0.39,2026-04-24,646,N,VIIRS,n,2.0NRT,303.28,20.45,D
20.4944,101.56591,348.82,0.45,0.39,2026-04-24,646,N,VIIRS,n,2.0NRT,306.27,69.9,D
20.49517,98.59166,338.64,0.38,0.36,2026-04-24,646,N,VIIRS,n,2.0NRT,307.03,3.61,D
20.49618,101.55244,351.64,0.45,0.39,2026-04-24,646,N,VIIRS,n,2.0NRT,298.91,5.81,D
20.49642,101.47518,340.51,0.44,0.39,2026-04-24,646,N,VIIRS,n,2.0NRT,308.3,5.16,D
19.30877,99.94755,314.28,0.43,0.38,2026-04-24,1915,N,VIIRS,n,2.0NRT,293.84,2.59,N
19.38231,99.30707,303.95,0.41,0.37,2026-04-24,1915,N,VIIRS,n,2.0NRT,292.22,0.9,N
19.38632,99.30397,314.08,0.41,0.37,2026-04-24,1915,N,VIIRS,n,2.0NRT,292.51,1.21,N
19.38695,99.30022,308.64,0.41,0.37,2026-04-24,1915,N,VIIRS,n,2.0NRT,292.08,1.21,N
19.39034,99.30081,314.19,0.41,0.37,2026-04-24,1915,N,VIIRS,n,2.0NRT,292.22,1.3,N
19.39098,99.29706,309.54,0.41,0.37,2026-04-24,1915,N,VIIRS,n,2.0NRT,292.32,1.72,N
19.39374,99.30138,307.56,0.41,0.37,2026-04-24,1915,N,VIIRS,n,2.0NRT,291.28,1.3,N
19.39409,99.32005,317.46,0.41,0.37,2026-04-24,1915,N,VIIRS,n,2.0NRT,291.0,1.24,N
19.39592,99.30914,306.92,0.41,0.37,2026-04-24,1915,N,VIIRS,n,2.0NRT,290.92,1.17,N
19.39652,99.30556,311.91,0.41,0.37,2026-04-24,1915,N,VIIRS,n,2.0NRT,290.19,2.19,N
19.39931,99.30972,310.32,0.41,0.37,2026-04-24,1915,N,VIIRS,n,2.0NRT,290.29,1.17,N
19.39992,99.30611,326.35,0.41,0.37,2026-04-24,1915,N,VIIRS,n,2.0NRT,289.15,2.19,N
19.41409,99.59302,337.17,0.41,0.37,2026-04-24,1915,N,VIIRS,n,2.0NRT,294.27,4.62,N
19.42618,99.54294,311.61,0.41,0.37,2026-04-24,1915,N,VIIRS,n,2.0NRT,293.69,1.6,N
19.42834,99.55088,317.64,0.41,0.37,2026-04-24,1915,N,VIIRS,n,2.0NRT,293.52,1.69,N
19.42959,99.54355,319.48,0.41,0.37,2026-04-24,1915,N,VIIRS,n,2.0NRT,294.07,3.68,N
19.43175,99.55153,323.21,0.41,0.37,2026-04-24,1915,N,VIIRS,n,2.0NRT,293.38,1.69,N
19.43238,99.54785,305.88,0.41,0.37,2026-04-24,1915,N,VIIRS,n,2.0NRT,293.35,1.69,N
19.43301,99.54414,335.2,0.41,0.37,2026-04-24,1915,N,VIIRS,n,2.0NRT,294.65,3.68,N
19.43515,99.55221,322.76,0.41,0.37,2026-04-24,1915,N,VIIRS,n,2.0NRT,293.83,1.66,N
19.43579,99.54848,309.81,0.41,0.37,2026-04-24,1915,N,VIIRS,n,2.0NRT,293.3,1.66,N
19.43642,99.54475,345.15,0.41,0.37,2026-04-24,1915,N,VIIRS,n,2.0NRT,295.79,5.56,N
19.44345,99.21278,310.37,0.4,0.37,2026-04-24,1915,N,VIIRS,n,2.0NRT,293.33,2.1,N
19.51359,99.58631,308.43,0.41,0.37,2026-04-24,1915,N,VIIRS,n,2.0NRT,292.88,1.21,N
19.51956,99.28082,310.03,0.41,0.37,2026-04-24,1915,N,VIIRS,n,2.0NRT,292.81,1.35,N
19.53173,98.74171,303.8,0.39,0.36,2026-04-24,1915,N,VIIRS,n,2.0NRT,290.84,0.76,N
19.5424,98.5302,302.25,0.39,0.36,2026-04-24,1915,N,VIIRS,n,2.0NRT,286.34,0.67,N
19.55356,98.48283,306.61,0.39,0.36,2026-04-24,1915,N,VIIRS,n,2.0NRT,291.61,1.07,N
19.58992,99.36436,314.43,0.41,0.37,2026-04-24,1915,N,VIIRS,n,2.0NRT,293.2,1.37,N
19.59263,99.36901,307.06,0.41,0.37,2026-04-24,1915,N,VIIRS,n,2.0NRT,293.86,1.13,N
19.59328,99.36515,311.59,0.41,0.37,2026-04-24,1915,N,VIIRS,n,2.0NRT,293.7,1.37,N
19.60932,102.42757,316.08,0.55,0.43,2026-04-24,1915,N,VIIRS,n,2.0NRT,289.79,2.51,N
19.62602,99.2326,314.11,0.4,0.37,2026-04-24,1915,N,VIIRS,n,2.0NRT,290.41,1.48,N
19.62877,99.23698,307.68,0.4,0.37,2026-04-24,1915,N,VIIRS,n,2.0NRT,291.06,1.48,N
19.64725,98.69801,303.44,0.39,0.36,2026-04-24,1915,N,VIIRS,n,2.0NRT,291.65,0.83,N
19.65237,102.10832,315.43,0.53,0.42,2026-04-24,1915,N,VIIRS,n,2.0NRT,292.32,2.62,N
19.65325,102.10358,329.3,0.53,0.42,2026-04-24,1915,N,VIIRS,n,2.0NRT,292.54,4.4,N
19.67892,99.54121,312.29,0.41,0.37,2026-04-24,1915,N,VIIRS,n,2.0NRT,293.47,1.25,N
19.68233,99.54178,320.11,0.41,0.37,2026-04-24,1915,N,VIIRS,n,2.0NRT,294.02,1.82,N
19.70513,98.67361,302.32,0.39,0.36,2026-04-24,1915,N,VIIRS,n,2.0NRT,290.87,0.36,N
19.71908,98.81821,305.34,0.39,0.37,2026-04-24,1915,N,VIIRS,n,2.0NRT,292.68,0.94,N
19.7197,98.8144,309.95,0.39,0.37,2026-04-24,1915,N,VIIRS,n,2.0NRT,293.05,0.94,N
19.72688,98.70818,305.31,0.39,0.36,2026-04-24,1915,N,VIIRS,n,2.0NRT,290.98,0.39,N
19.72794,98.78525,304.82,0.39,0.36,2026-04-24,1915,N,VIIRS,n,2.0NRT,290.72,0.51,N
19.73022,98.70875,305.59,0.39,0.36,2026-04-24,1915,N,VIIRS,n,2.0NRT,291.26,0.39,N
19.74995,98.69292,302.37,0.39,0.36,2026-04-24,1915,N,VIIRS,n,2.0NRT,290.07,0.41,N
19.79246,99.07153,305.22,0.4,0.37,2026-04-24,1915,N,VIIRS,n,2.0NRT,293.49,1.76,N
19.87627,100.31443,308.2,0.43,0.38,2026-04-24,1915,N,VIIRS,n,2.0NRT,293.9,1.14,N
19.92043,97.398,310.66,0.38,0.36,2026-04-24,1915,N,VIIRS,n,2.0NRT,293.4,1.55,N
20.08841,99.44292,306.64,0.41,0.37,2026-04-24,1915,N,VIIRS,n,2.0NRT,294.02,1.89,N
20.09724,98.62228,314.36,0.39,0.36,2026-04-24,1915,N,VIIRS,n,2.0NRT,294.59,2.83,N
20.22671,99.3102,305.78,0.4,0.37,2026-04-24,1915,N,VIIRS,n,2.0NRT,292.46,0.73,N
20.32392,99.31522,305.07,0.4,0.37,2026-04-24,1915,N,VIIRS,n,2.0NRT,291.89,1.28,N
20.35548,98.05141,320.69,0.38,0.36,2026-04-24,1915,N,VIIRS,n,2.0NRT,290.28,1.95,N
20.4097,98.74638,308.68,0.39,0.36,2026-04-24,1915,N,VIIRS,n,2.0NRT,292.42,1.52,N
20.41202,98.74606,304.73,0.39,0.36,2026-04-24,1915,N,VIIRS,n,2.0NRT,292.22,1.33,N
20.43588,98.56461,305.86,0.39,0.36,2026-04-24,1915,N,VIIRS,n,2.0NRT,293.89,1.29,N
20.44783,98.44867,310.89,0.39,0.36,2026-04-24,1915,N,VIIRS,n,2.0NRT,293.48,1.2,N
20.47585,100.70196,312.74,0.44,0.39,2026-04-24,1915,N,VIIRS,n,2.0NRT,283.65,1.04,N
20.47662,100.69756,302.4,0.44,0.39,2026-04-24,1915,N,VIIRS,n,2.0NRT,286.9,1.04,N
20.49494,100.12617,307.92,0.42,0.38,2026-04-24,1915,N,VIIRS,n,2.0NRT,294.03,0.55,N
17.54741,99.40057,308.04,0.42,0.38,2026-04-24,1917,N,VIIRS,n,2.0NRT,292.58,1.85,N
17.54806,99.39678,315.1,0.42,0.38,2026-04-24,1917,N,VIIRS,n,2.0NRT,293.22,3.54,N
17.55089,99.40104,315.51,0.42,0.38,2026-04-24,1917,N,VIIRS,n,2.0NRT,293.13,1.85,N
17.55437,99.40152,315.23,0.42,0.38,2026-04-24,1917,N,VIIRS,n,2.0NRT,292.67,1.57,N
17.55499,99.3979,306.15,0.42,0.38,2026-04-24,1917,N,VIIRS,n,2.0NRT,292.8,1.68,N
17.55782,99.40218,306.92,0.42,0.38,2026-04-24,1917,N,VIIRS,n,2.0NRT,292.39,1.57,N
17.55844,99.39853,306.67,0.42,0.38,2026-04-24,1917,N,VIIRS,n,2.0NRT,292.92,1.68,N
17.61396,98.67321,305.6,0.4,0.37,2026-04-24,1917,N,VIIRS,n,2.0NRT,293.34,1.51,N
17.71727,97.9873,308.97,0.39,0.36,2026-04-24,1917,N,VIIRS,n,2.0NRT,292.91,1.24,N
17.76444,97.8867,308.07,0.39,0.36,2026-04-24,1917,N,VIIRS,n,2.0NRT,292.62,1.23,N
17.77459,99.5313,301.63,0.43,0.38,2026-04-24,1917,N,VIIRS,n,2.0NRT,284.84,0.72,N
17.80372,97.70728,311.82,0.39,0.36,2026-04-24,1917,N,VIIRS,n,2.0NRT,293.79,2.25,N
17.80702,97.70792,322.4,0.39,0.36,2026-04-24,1917,N,VIIRS,n,2.0NRT,294.0,3.53,N
17.81728,99.02605,308.3,0.41,0.37,2026-04-24,1917,N,VIIRS,n,2.0NRT,291.59,0.8,N
17.81896,99.72114,306.18,0.43,0.38,2026-04-24,1917,N,VIIRS,n,2.0NRT,287.14,1.01,N
17.81967,99.71701,307.36,0.43,0.38,2026-04-24,1917,N,VIIRS,n,2.0NRT,287.4,1.37,N
17.83616,99.36997,304.1,0.42,0.38,2026-04-24,1917,N,VIIRS,n,2.0NRT,280.85,0.87,N
17.84745,99.24179,301.1,0.42,0.37,2026-04-24,1917,N,VIIRS,n,2.0NRT,285.35,0.35,N
17.89786,98.29292,301.22,0.39,0.36,2026-04-24,1917,N,VIIRS,n,2.0NRT,290.98,0.39,N
17.92495,98.50414,344.59,0.4,0.37,2026-04-24,1917,N,VIIRS,n,2.0NRT,293.57,7.55,N
17.92556,98.50044,316.62,0.4,0.37,2026-04-24,1917,N,VIIRS,n,2.0NRT,291.88,2.95,N
17.92617,98.49676,330.43,0.4,0.37,2026-04-24,1917,N,VIIRS,n,2.0NRT,291.46,2.95,N
18.008,97.7647,322.59,0.39,0.36,2026-04-24,1917,N,VIIRS,n,2.0NRT,293.68,6.39,N
18.00858,97.76106,326.69,0.39,0.36,2026-04-24,1917,N,VIIRS,n,2.0NRT,294.23,4.51,N
18.01132,97.76522,345.61,0.39,0.36,2026-04-24,1917,N,VIIRS,n,2.0NRT,296.65,6.39,N
18.0119,97.7616,331.96,0.39,0.36,2026-04-24,1917,N,VIIRS,n,2.0NRT,294.66,4.51,N
18.05053,100.57121,317.77,0.47,0.39,2026-04-24,1917,N,VIIRS,n,2.0NRT,293.6,3.09,N
18.05827,100.59071,308.77,0.47,0.4,2026-04-24,1917,N,VIIRS,n,2.0NRT,293.12,1.56,N
18.05905,100.58627,309.11,0.47,0.4,2026-04-24,1917,N,VIIRS,n,2.0NRT,293.31,1.56,N
18.06759,100.60134,311.76,0.47,0.4,2026-04-24,1917,N,VIIRS,n,2.0NRT,293.96,2.96,N
18.07046,100.60626,311.48,0.47,0.4,2026-04-24,1917,N,VIIRS,n,2.0NRT,293.56,2.79,N
18.07182,100.61967,315.61,0.47,0.4,2026-04-24,1917,N,VIIRS,n,2.0NRT,293.35,1.83,N
18.07257,100.61543,311.45,0.47,0.4,2026-04-24,1917,N,VIIRS,n,2.0NRT,293.65,1.83,N
18.07467,100.62469,315.1,0.47,0.4,2026-04-24,1917,N,VIIRS,n,2.0NRT,293.2,1.86,N
18.07683,97.59055,305.64,0.39,0.36,2026-04-24,1917,N,VIIRS,n,2.0NRT,292.87,0.86,N
18.07752,100.62975,313.7,0.47,0.4,2026-04-24,1917,N,VIIRS,n,2.0NRT,293.06,1.86,N
18.07828,100.62543,317.64,0.47,0.4,2026-04-24,1917,N,VIIRS,n,2.0NRT,293.55,1.86,N
18.08112,100.63055,321.02,0.47,0.4,2026-04-24,1917,N,VIIRS,n,2.0NRT,293.52,1.99,N
18.08472,100.63138,306.8,0.47,0.4,2026-04-24,1917,N,VIIRS,n,2.0NRT,293.29,1.99,N
18.13072,98.46818,305.37,0.4,0.37,2026-04-24,1917,N,VIIRS,n,2.0NRT,292.04,0.98,N
18.14005,100.6989,305.7,0.47,0.4,2026-04-24,1917,N,VIIRS,n,2.0NRT,292.92,1.26,N
18.14318,97.8327,307.04,0.39,0.36,2026-04-24,1917,N,VIIRS,n,2.0NRT,293.1,1.54,N
18.15092,97.6367,308.98,0.39,0.36,2026-04-24,1917,N,VIIRS,n,2.0NRT,293.2,1.73,N
18.17896,97.50407,307.28,0.38,0.36,2026-04-24,1917,N,VIIRS,n,2.0NRT,292.75,1.59,N
18.18806,99.68567,312.51,0.43,0.38,2026-04-24,1917,N,VIIRS,n,2.0NRT,293.73,2.09,N
18.19582,98.1755,310.56,0.39,0.36,2026-04-24,1917,N,VIIRS,n,2.0NRT,290.89,1.31,N
18.27973,97.80473,307.72,0.39,0.36,2026-04-24,1917,N,VIIRS,n,2.0NRT,292.7,1.09,N
18.28548,97.49332,316.76,0.38,0.36,2026-04-24,1917,N,VIIRS,n,2.0NRT,294.56,3.08,N
18.33918,100.80204,304.56,0.47,0.4,2026-04-24,1917,N,VIIRS,n,2.0NRT,291.93,1.8,N
18.37589,98.00421,320.73,0.39,0.36,2026-04-24,1917,N,VIIRS,n,2.0NRT,292.49,2.43,N
18.3792,98.00481,326.69,0.39,0.36,2026-04-24,1917,N,VIIRS,n,2.0NRT,293.2,2.43,N
18.40305,98.43905,312.46,0.39,0.36,2026-04-24,1917,N,VIIRS,n,2.0NRT,290.11,1.41,N
18.45862,100.87042,308.53,0.48,0.4,2026-04-24,1917,N,VIIRS,n,2.0NRT,293.75,3.42,N
18.46149,100.87547,325.38,0.48,0.4,2026-04-24,1917,N,VIIRS,n,2.0NRT,294.48,5.27,N
18.46514,100.87617,308.46,0.48,0.4,2026-04-24,1917,N,VIIRS,n,2.0NRT,293.95,2.46,N
18.46878,100.87688,330.97,0.48,0.4,2026-04-24,1917,N,VIIRS,n,2.0NRT,294.21,2.46,N
18.46956,100.87248,328.35,0.48,0.4,2026-04-24,1917,N,VIIRS,n,2.0NRT,294.59,7.03,N
18.48323,101.8491,313.99,0.53,0.42,2026-04-24,1917,N,VIIRS,n,2.0NRT,289.44,1.37,N
18.48705,101.84996,307.22,0.53,0.42,2026-04-24,1917,N,VIIRS,n,2.0NRT,289.29,1.37,N
18.49534,97.87538,307.13,0.39,0.36,2026-04-24,1917,N,VIIRS,n,2.0NRT,292.99,1.26,N
18.5062,98.06059,305.04,0.39,0.36,2026-04-24,1917,N,VIIRS,n,2.0NRT,290.92,0.39,N
18.55165,97.46085,308.01,0.38,0.36,2026-04-24,1917,N,VIIRS,n,2.0NRT,293.25,1.04,N
18.70635,99.87218,305.79,0.43,0.38,2026-04-24,1917,N,VIIRS,n,2.0NRT,292.93,1.31,N
18.70842,99.88091,312.13,0.43,0.38,2026-04-24,1917,N,VIIRS,n,2.0NRT,293.29,2.7,N
18.70914,99.87679,325.39,0.43,0.38,2026-04-24,1917,N,VIIRS,n,2.0NRT,294.47,2.7,N
18.70983,99.87281,307.2,0.43,0.38,2026-04-24,1917,N,VIIRS,n,2.0NRT,293.29,1.31,N
18.71525,99.37532,303.55,0.41,0.37,2026-04-24,1917,N,VIIRS,n,2.0NRT,283.92,1.16,N
18.90459,99.51918,309.77,0.42,0.37,2026-04-24,1917,N,VIIRS,n,2.0NRT,292.05,1.67,N
18.93543,99.69196,305.9,0.42,0.38,2026-04-24,1917,N,VIIRS,n,2.0NRT,293.19,3.4,N
18.95455,99.1216,315.27,0.4,0.37,2026-04-24,1917,N,VIIRS,n,2.0NRT,288.62,2.53,N
18.99104,98.58107,304.09,0.39,0.36,2026-04-24,1917,N,VIIRS,n,2.0NRT,289.35,0.51,N
19.01494,98.28875,298.4,0.39,0.36,2026-04-24,1917,N,VIIRS,n,2.0NRT,280.23,0.35,N
19.01826,98.28935,297.23,0.39,0.36,2026-04-24,1917,N,VIIRS,n,2.0NRT,279.18,0.35,N
19.0395,99.11348,308.78,0.4,0.37,2026-04-24,1917,N,VIIRS,n,2.0NRT,288.04,0.69,N
19.04288,99.1141,303.77,0.4,0.37,2026-04-24,1917,N,VIIRS,n,2.0NRT,287.29,0.56,N
19.04687,99.11383,306.16,0.4,0.37,2026-04-24,1917,N,VIIRS,n,2.0NRT,286.53,0.41,N
19.06431,99.34135,303.71,0.41,0.37,2026-04-24,1917,N,VIIRS,n,2.0NRT,291.74,0.75,N
19.07949,99.00276,308.75,0.4,0.37,2026-04-24,1917,N,VIIRS,n,2.0NRT,290.51,1.94,N
19.11938,99.43119,304.26,0.41,0.37,2026-04-24,1917,N,VIIRS,n,2.0NRT,292.99,0.83,N
19.17706,98.10724,309.1,0.39,0.36,2026-04-24,1917,N,VIIRS,n,2.0NRT,292.08,1.29,N
19.18698,99.67014,310.8,0.42,0.38,2026-04-24,1917,N,VIIRS,n,2.0NRT,293.75,1.95,N
19.22896,98.9673,303.57,0.4,0.37,2026-04-24,1917,N,VIIRS,n,2.0NRT,287.7,0.98,N
19.23067,97.66759,309.84,0.38,0.36,2026-04-24,1917,N,VIIRS,n,2.0NRT,293.9,1.54,N
19.23784,97.66515,307.5,0.38,0.36,2026-04-24,1917,N,VIIRS,n,2.0NRT,294.14,0.89,N
19.23842,97.66154,309.05,0.38,0.36,2026-04-24,1917,N,VIIRS,n,2.0NRT,294.63,1.3,N
19.23999,97.67296,305.37,0.38,0.36,2026-04-24,1917,N,VIIRS,n,2.0NRT,293.47,1.21,N
19.24057,97.66933,309.15,0.38,0.36,2026-04-24,1917,N,VIIRS,n,2.0NRT,294.17,0.89,N
19.24114,97.66573,308.75,0.38,0.36,2026-04-24,1917,N,VIIRS,n,2.0NRT,294.52,0.89,N
19.24172,97.66212,312.85,0.38,0.36,2026-04-24,1917,N,VIIRS,n,2.0NRT,294.63,1.3,N
19.24974,97.90606,318.27,0.39,0.36,2026-04-24,1917,N,VIIRS,n,2.0NRT,294.69,1.59,N
19.25061,98.54668,298.15,0.39,0.36,2026-04-24,1917,N,VIIRS,n,2.0NRT,272.42,0.26,N
19.26364,98.2202,307.25,0.39,0.36,2026-04-24,1917,N,VIIRS,n,2.0NRT,292.93,1.52,N
19.26436,99.65218,305.66,0.42,0.37,2026-04-24,1917,N,VIIRS,n,2.0NRT,292.93,1.25,N
19.26778,99.65282,314.35,0.42,0.37,2026-04-24,1917,N,VIIRS,n,2.0NRT,293.4,1.25,N
19.28045,99.71869,312.71,0.42,0.38,2026-04-24,1917,N,VIIRS,n,2.0NRT,294.22,1.78,N
19.28629,98.53811,308.82,0.39,0.36,2026-04-24,1917,N,VIIRS,n,2.0NRT,288.59,1.2,N
19.28689,98.53446,311.46,0.39,0.36,2026-04-24,1917,N,VIIRS,n,2.0NRT,287.51,1.29,N
19.30092,98.36568,302.21,0.39,0.36,2026-04-24,1917,N,VIIRS,n,2.0NRT,289.29,0.42,N
19.30153,98.36197,305.44,0.39,0.36,2026-04-24,1917,N,VIIRS,n,2.0NRT,289.43,0.93,N
19.3623,99.02581,318.38,0.4,0.37,2026-04-24,1917,N,VIIRS,n,2.0NRT,292.17,2.69,N
19.36996,98.66735,306.03,0.39,0.36,2026-04-24,1917,N,VIIRS,n,2.0NRT,289.61,1.18,N
19.37058,98.66358,325.13,0.39,0.36,2026-04-24,1917,N,VIIRS,n,2.0NRT,289.84,2.03,N
19.41236,98.20467,337.95,0.39,0.36,2026-04-24,1917,N,VIIRS,n,2.0NRT,287.32,6.59,N
19.4125,98.45043,304.05,0.39,0.36,2026-04-24,1917,N,VIIRS,n,2.0NRT,292.64,0.48,N
19.41514,98.20453,309.03,0.39,0.36,2026-04-24,1917,N,VIIRS,n,2.0NRT,289.14,1.03,N
19.41975,98.65687,307.36,0.39,0.36,2026-04-24,1917,N,VIIRS,n,2.0NRT,287.88,0.7,N
19.49094,97.79798,311.43,0.38,0.36,2026-04-24,1917,N,VIIRS,n,2.0NRT,292.96,1.23,N
19.49424,97.79859,310.73,0.38,0.36,2026-04-24,1917,N,VIIRS,n,2.0NRT,293.12,1.14,N
19.54432,97.93102,303.17,0.39,0.36,2026-04-24,1917,N,VIIRS,n,2.0NRT,289.61,0.38,N
19.55774,97.63424,307.99,0.38,0.36,2026-04-24,1917,N,VIIRS,n,2.0NRT,295.21,1.51,N
19.55832,97.63061,316.69,0.38,0.36,2026-04-24,1917,N,VIIRS,n,2.0NRT,294.6,1.51,N
17.54153,97.93488,355.08,0.44,0.46,2026-04-25,625,N,VIIRS,n,2.0NRT,298.95,9.7,D
17.54426,97.93086,336.41,0.44,0.46,2026-04-25,625,N,VIIRS,n,2.0NRT,297.26,3.24,D
17.54615,98.12659,331.28,0.43,0.46,2026-04-25,625,N,VIIRS,n,2.0NRT,299.68,5.42,D
17.61093,98.07597,339.29,0.43,0.46,2026-04-25,625,N,VIIRS,n,2.0NRT,299.93,3.85,D
17.8083,97.70969,330.64,0.45,0.47,2026-04-25,625,N,VIIRS,n,2.0NRT,295.84,2.15,D
18.00983,97.76838,334.14,0.44,0.46,2026-04-25,625,N,VIIRS,n,2.0NRT,295.42,5.18,D
18.01061,97.77259,347.74,0.44,0.46,2026-04-25,625,N,VIIRS,n,2.0NRT,296.98,5.18,D
18.23561,98.04558,332.48,0.42,0.45,2026-04-25,625,N,VIIRS,n,2.0NRT,300.08,3.8,D
18.40179,98.44131,340.48,0.4,0.44,2026-04-25,625,N,VIIRS,n,2.0NRT,297.19,6.15,D
19.23873,97.64565,331.24,0.43,0.46,2026-04-25,625,N,VIIRS,n,2.0NRT,293.42,6.89,D
20.08039,101.2386,337.35,0.42,0.37,2026-04-25,625,N,VIIRS,n,2.0NRT,302.19,3.91,D
17.61733,98.2341,300.14,0.48,0.4,2026-04-25,1856,N,VIIRS,n,2.0NRT,290.12,0.5,N
17.72004,97.80421,303.61,0.5,0.41,2026-04-25,1856,N,VIIRS,n,2.0NRT,292.51,0.77,N
17.72379,97.80492,303.96,0.5,0.41,2026-04-25,1856,N,VIIRS,n,2.0NRT,292.49,0.77,N
17.8238,97.32661,306.73,0.54,0.42,2026-04-25,1856,N,VIIRS,n,2.0NRT,293.15,1.34,N
18.06082,100.60497,316.69,0.4,0.37,2026-04-25,1856,N,VIIRS,n,2.0NRT,291.79,2.96,N
18.06361,100.60934,309.74,0.4,0.37,2026-04-25,1856,N,VIIRS,n,2.0NRT,291.79,2.39,N
18.06528,100.62111,303.98,0.4,0.37,2026-04-25,1856,N,VIIRS,n,2.0NRT,290.73,1.08,N
18.06584,100.61739,309.85,0.4,0.37,2026-04-25,1856,N,VIIRS,n,2.0NRT,291.78,1.08,N
18.0664,100.61367,313.43,0.4,0.37,2026-04-25,1856,N,VIIRS,n,2.0NRT,292.13,1.6,N
18.06697,100.60991,316.66,0.4,0.37,2026-04-25,1856,N,VIIRS,n,2.0NRT,292.22,1.6,N
18.06806,100.62548,309.55,0.4,0.37,2026-04-25,1856,N,VIIRS,n,2.0NRT,290.58,2.31,N
18.06862,100.62174,309.45,0.4,0.37,2026-04-25,1856,N,VIIRS,n,2.0NRT,291.66,1.08,N
18.07085,100.62983,307.18,0.4,0.37,2026-04-25,1856,N,VIIRS,n,2.0NRT,291.35,1.07,N
18.07141,100.62611,316.98,0.4,0.37,2026-04-25,1856,N,VIIRS,n,2.0NRT,292.08,1.07,N
18.0742,100.63039,306.33,0.4,0.37,2026-04-25,1856,N,VIIRS,n,2.0NRT,291.24,1.07,N
18.07477,100.62665,304.11,0.4,0.37,2026-04-25,1856,N,VIIRS,n,2.0NRT,291.51,1.07,N
18.077,100.63462,310.78,0.4,0.37,2026-04-25,1856,N,VIIRS,n,2.0NRT,291.48,1.25,N
18.08036,100.63515,305.4,0.4,0.37,2026-04-25,1856,N,VIIRS,n,2.0NRT,291.48,1.25,N
18.08709,100.63618,309.22,0.4,0.37,2026-04-25,1856,N,VIIRS,n,2.0NRT,291.5,1.64,N
18.22772,97.55024,305.05,0.53,0.42,2026-04-25,1856,N,VIIRS,n,2.0NRT,291.86,0.65,N
18.29212,99.77003,297.3,0.42,0.38,2026-04-25,1856,N,VIIRS,n,2.0NRT,277.66,0.54,N
18.3092,100.84732,305.49,0.39,0.36,2026-04-25,1856,N,VIIRS,n,2.0NRT,291.61,0.73,N
18.31253,100.84797,304.58,0.39,0.36,2026-04-25,1856,N,VIIRS,n,2.0NRT,291.74,0.73,N
18.45025,100.86992,310.03,0.39,0.36,2026-04-25,1856,N,VIIRS,n,2.0NRT,291.52,1.11,N
18.45303,100.87423,311.23,0.39,0.36,2026-04-25,1856,N,VIIRS,n,2.0NRT,291.66,1.02,N
18.45359,100.87051,319.84,0.39,0.36,2026-04-25,1856,N,VIIRS,n,2.0NRT,292.07,1.02,N
18.45638,100.87482,305.46,0.39,0.36,2026-04-25,1856,N,VIIRS,n,2.0NRT,291.7,1.02,N
18.4592,100.85616,305.01,0.39,0.36,2026-04-25,1856,N,VIIRS,n,2.0NRT,291.52,0.59,N
18.46471,100.88773,307.83,0.39,0.36,2026-04-25,1856,N,VIIRS,n,2.0NRT,291.62,0.85,N
18.46748,100.89203,306.54,0.39,0.36,2026-04-25,1856,N,VIIRS,n,2.0NRT,291.39,0.85,N
18.46805,100.88829,311.47,0.39,0.36,2026-04-25,1856,N,VIIRS,n,2.0NRT,291.46,0.85,N
18.46862,100.88457,312.81,0.39,0.36,2026-04-25,1856,N,VIIRS,n,2.0NRT,291.7,1.87,N
18.47139,100.88887,307.71,0.39,0.36,2026-04-25,1856,N,VIIRS,n,2.0NRT,291.55,0.97,N
18.47196,100.88513,318.36,0.39,0.36,2026-04-25,1856,N,VIIRS,n,2.0NRT,291.67,0.97,N
18.4753,100.8857,304.91,0.39,0.36,2026-04-25,1856,N,VIIRS,n,2.0NRT,291.06,0.97,N
18.48583,101.8464,315.36,0.38,0.36,2026-04-25,1856,N,VIIRS,n,2.0NRT,288.47,0.82,N
18.48914,101.84697,308.26,0.38,0.36,2026-04-25,1856,N,VIIRS,n,2.0NRT,289.67,0.82,N
18.69977,101.77815,306.74,0.38,0.36,2026-04-25,1856,N,VIIRS,n,2.0NRT,287.79,1.24,N
18.70033,101.77453,319.1,0.38,0.36,2026-04-25,1856,N,VIIRS,n,2.0NRT,288.0,1.24,N
18.76235,101.68121,313.49,0.39,0.36,2026-04-25,1856,N,VIIRS,n,2.0NRT,287.54,1.48,N
18.76291,101.67758,304.06,0.39,0.36,2026-04-25,1856,N,VIIRS,n,2.0NRT,287.29,1.28,N
18.93057,101.948,306.89,0.38,0.36,2026-04-25,1856,N,VIIRS,n,2.0NRT,285.67,0.61,N
18.21975,98.71537,329.12,0.38,0.59,2026-04-26,608,N,VIIRS,n,2.0NRT,296.52,2.56,D
20.16874,97.8363,330.05,0.4,0.6,2026-04-26,608,N,VIIRS,n,2.0NRT,299.81,2.23,D
20.16887,97.83651,329.97,0.4,0.6,2026-04-26,608,N,VIIRS,n,2.0NRT,299.69,3.12,D
20.24457,100.77503,327.24,0.52,0.5,2026-04-26,608,N,VIIRS,n,2.0NRT,291.08,2.66,D
20.2457,100.77802,328.86,0.52,0.5,2026-04-26,608,N,VIIRS,n,2.0NRT,290.98,4.57,D
17.7142,97.8051,305.57,0.33,0.55,2026-04-26,1838,N,VIIRS,n,2.0NRT,290.54,1.46,N
17.72612,97.79208,307.9,0.33,0.55,2026-04-26,1838,N,VIIRS,n,2.0NRT,290.91,0.63,N
17.72794,97.79253,304.43,0.33,0.55,2026-04-26,1838,N,VIIRS,n,2.0NRT,290.79,0.45,N
18.08299,99.76772,312.23,0.5,0.49,2026-04-26,1838,N,VIIRS,n,2.0NRT,289.69,1.31,N
18.22181,98.71904,310.22,0.59,0.52,2026-04-26,1838,N,VIIRS,n,2.0NRT,291.61,2.9,N
18.56897,98.11108,337.91,0.32,0.55,2026-04-26,1838,N,VIIRS,n,2.0NRT,289.71,3.42,N
18.6456,98.33807,303.38,0.63,0.54,2026-04-26,1838,N,VIIRS,n,2.0NRT,289.89,1.05,N
18.77649,102.36333,302.94,0.53,0.42,2026-04-26,1838,N,VIIRS,n,2.0NRT,290.19,0.81,N
18.77826,102.36113,304.62,0.53,0.42,2026-04-26,1838,N,VIIRS,n,2.0NRT,289.76,0.88,N
19.04125,100.46063,304.45,0.46,0.47,2026-04-26,1838,N,VIIRS,n,2.0NRT,285.01,1.45,N
19.68404,102.15563,301.44,0.56,0.43,2026-04-26,1838,N,VIIRS,n,2.0NRT,289.32,0.73,N
20.47047,98.53809,304.09,0.32,0.55,2026-04-26,1838,N,VIIRS,n,2.0NRT,288.5,0.8,N
