Province,feature_name,shap_value,feature_value,base_value,predicted_pm25
Chiang Mai,temperature_2m,-0.081901,24.1,0.48551037907600403,0.0
Chiang Mai,relative_humidity_2m,-0.13880277,95.0,0.48551037907600403,0.0
Chiang Mai,precipitation_log,-0.1021739,0.4700036292457355,0.48551037907600403,0.0
Chiang Mai,surface_pressure,0.13406144,976.1,0.48551037907600403,0.0
Chiang Mai,wind_speed_10m,0.00078163535,2.4,0.48551037907600403,0.0
Chiang Mai,wind_dir_sin,-0.0067439936,-0.9743700647852352,0.48551037907600403,0.0
Chiang Mai,wind_dir_cos,-0.015237725,0.22495105434386492,0.48551037907600403,0.0
Chiang Mai,hotspot_log,0.0026497007,0.0,0.48551037907600403,0.0
Chiang Mai,frp_sum_log,-0.0007622225,0.0,0.48551037907600403,0.0
Chiang Mai,frp_mean_log,0.011970052,0.0,0.48551037907600403,0.0
Chiang Mai,hour_sin,-0.17790328,-0.25881904510252157,0.48551037907600403,0.0
Chiang Mai,hour_cos,0.031510342,0.9659258262890681,0.48551037907600403,0.0
Chiang Mai,month_sin,0.00792926,-0.8660254037844386,0.48551037907600403,0.0
Chiang Mai,month_cos,-0.0093167685,0.5000000000000001,0.48551037907600403,0.0
Chiang Mai,day_sin,-0.012611896,0.7247927872291199,0.48551037907600403,0.0
Chiang Mai,day_cos,-0.0009072225,0.6889669190756866,0.48551037907600403,0.0
Chiang Mai,is_haze_season,-0.00029381155,0.0,0.48551037907600403,0.0
Chiang Mai,year,-0.018423842,2026.0,0.48551037907600403,0.0
Chiang Mai,province_label,0.0,0.0,0.48551037907600403,0.0
Chiang Mai,province_target_enc,0.0,21.587774223034735,0.48551037907600403,0.0
Chiang Mai,temp_x_humidity,-0.052547596,22.895,0.48551037907600403,0.0
Chiang Mai,hotspot_x_haze,6.549295e-05,0.0,0.48551037907600403,0.0
Chiang Mai,frp_x_haze,-0.0007656349,0.0,0.48551037907600403,0.0
Chiang Mai,wind_x_hotspot,-0.00020757841,0.0,0.48551037907600403,0.0
Chiang Mai,pm25_lag_1h,-11.3145485,0.0,0.48551037907600403,0.0
Chiang Mai,pm25_lag_2h,-0.556879,0.0,0.48551037907600403,0.0
Chiang Mai,pm25_lag_3h,-0.01786616,0.0,0.48551037907600403,0.0
Chiang Mai,pm25_lag_6h,-0.019079605,0.0,0.48551037907600403,0.0
Chiang Mai,pm25_lag_12h,0.07276986,0.0,0.48551037907600403,0.0
Chiang Mai,pm25_lag_24h,-1.6711093,0.0,0.48551037907600403,0.0
Chiang Mai,pm25_lag_48h,-0.21150306,0.0,0.48551037907600403,0.0
Chiang Mai,pm25_lag_72h,-0.064228915,0.0,0.48551037907600403,0.0
Chiang Mai,hotspot_lag_24h,-0.007998251,0.0,0.48551037907600403,0.0
Chiang Mai,hotspot_lag_48h,-0.009097702,0.0,0.48551037907600403,0.0
Chiang Mai,hotspot_lag_72h,-0.004301561,0.0,0.48551037907600403,0.0
Chiang Mai,frp_sum_lag_24h,-0.003407303,0.0,0.48551037907600403,0.0
Chiang Mai,frp_sum_lag_48h,-0.008164459,0.0,0.48551037907600403,0.0
Chiang Mai,frp_sum_lag_72h,-0.0021654621,0.0,0.48551037907600403,0.0
Chiang Mai,hotspot_log_lag_24h,-0.0028026288,0.0,0.48551037907600403,0.0
Chiang Mai,hotspot_log_lag_48h,-0.0015910262,0.0,0.48551037907600403,0.0
Chiang Mai,hotspot_log_lag_72h,-0.0010855846,0.0,0.48551037907600403,0.0
Chiang Mai,pm25_roll_mean_3h,-2.1048791,0.0,0.48551037907600403,0.0
Chiang Mai,pm25_roll_mean_6h,-0.00564487,0.0,0.48551037907600403,0.0
Chiang Mai,pm25_roll_mean_12h,0.0052330093,0.0,0.48551037907600403,0.0
Chiang Mai,pm25_roll_mean_24h,-0.3880619,0.0,0.48551037907600403,0.0
Chiang Mai,pm25_roll_mean_48h,0.015446337,0.0,0.48551037907600403,0.0
Chiang Mai,pm25_roll_mean_168h,0.07838797,0.0,0.48551037907600403,0.0
Chiang Mai,pm25_roll_std_3h,0.044939756,0.0,0.48551037907600403,0.0
Chiang Mai,pm25_roll_std_6h,0.04740996,0.0,0.48551037907600403,0.0
Chiang Mai,pm25_roll_std_12h,-0.090416476,0.0,0.48551037907600403,0.0
Chiang Mai,pm25_roll_std_24h,0.026732719,0.0,0.48551037907600403,0.0
Chiang Mai,pm25_roll_std_48h,-0.03767707,0.0,0.48551037907600403,0.0
Chiang Mai,pm25_roll_std_168h,0.004805296,0.0,0.48551037907600403,0.0
Chiang Mai,pm25_roll_max_3h,-1.6501223,0.0,0.48551037907600403,0.0
Chiang Mai,pm25_roll_max_6h,0.043908283,0.0,0.48551037907600403,0.0
Chiang Mai,pm25_roll_max_12h,0.009869611,0.0,0.48551037907600403,0.0
Chiang Mai,pm25_roll_max_24h,-0.077219814,0.0,0.48551037907600403,0.0
Chiang Mai,pm25_roll_max_48h,0.03401256,0.0,0.48551037907600403,0.0
Chiang Mai,pm25_roll_max_168h,0.106953345,0.0,0.48551037907600403,0.0
Chiang Mai,hotspot_roll_sum_24h,-0.004894837,0.0,0.48551037907600403,0.0
Chiang Mai,hotspot_roll_sum_48h,-0.01106684,0.0,0.48551037907600403,0.0
Chiang Mai,hotspot_roll_sum_168h,-0.012321554,0.0,0.48551037907600403,0.0
Chiang Mai,frp_roll_sum_24h,-0.00062529993,0.0,0.48551037907600403,0.0
Chiang Mai,frp_roll_sum_48h,-0.0111336,0.0,0.48551037907600403,0.0
Chiang Mai,frp_roll_sum_168h,-0.01781841,0.0,0.48551037907600403,0.0
Chiang Mai,pm25_delta_1h,0.22122097,0.0,0.48551037907600403,0.0
Chiang Mai,pm25_delta_24h,-0.027007798,0.0,0.48551037907600403,0.0
Chiang Mai,humidity_delta_1h,-0.011618897,3.0,0.48551037907600403,0.0
Chiang Mai,humidity_delta_24h,-0.00028174126,-1.0,0.48551037907600403,0.0
Chiang Rai,temperature_2m,-0.08962811,23.2,0.48551037907600403,0.0
Chiang Rai,relative_humidity_2m,-0.20643423,96.0,0.48551037907600403,0.0
Chiang Rai,precipitation_log,-0.06829772,0.5306282510621704,0.48551037907600403,0.0
Chiang Rai,surface_pressure,-0.058746755,966.0,0.48551037907600403,0.0
Chiang Rai,wind_speed_10m,0.009460996,2.0,0.48551037907600403,0.0
Chiang Rai,wind_dir_sin,-0.03424109,0.984807753012208,0.48551037907600403,0.0
Chiang Rai,wind_dir_cos,-0.051991828,-0.1736481776669303,0.48551037907600403,0.0
Chiang Rai,hotspot_log,-0.0004429783,0.5596157879354227,0.48551037907600403,0.0
Chiang Rai,frp_sum_log,-0.0032510231,1.2844000534385505,0.48551037907600403,0.0
Chiang Rai,frp_mean_log,0.06342816,1.2844000534385505,0.48551037907600403,0.0
Chiang Rai,hour_sin,-0.18290229,-0.25881904510252157,0.48551037907600403,0.0
Chiang Rai,hour_cos,0.029259235,0.9659258262890681,0.48551037907600403,0.0
Chiang Rai,month_sin,0.006417202,-0.8660254037844386,0.48551037907600403,0.0
Chiang Rai,month_cos,0.0049195103,0.5000000000000001,0.48551037907600403,0.0
Chiang Rai,day_sin,-0.00037831522,0.7247927872291199,0.48551037907600403,0.0
Chiang Rai,day_cos,-0.0024007661,0.6889669190756866,0.48551037907600403,0.0
Chiang Rai,is_haze_season,-0.00029381155,0.0,0.48551037907600403,0.0
Chiang Rai,year,-0.014421065,2026.0,0.48551037907600403,0.0
Chiang Rai,province_label,0.0,1.0,0.48551037907600403,0.0
Chiang Rai,province_target_enc,0.0,19.978260207190736,0.48551037907600403,0.0
Chiang Rai,temp_x_humidity,-0.042421672,22.272,0.48551037907600403,0.0
Chiang Rai,hotspot_x_haze,8.13345e-05,0.0,0.48551037907600403,0.0
Chiang Rai,frp_x_haze,-0.0008649605,0.0,0.48551037907600403,0.0
Chiang Rai,wind_x_hotspot,-0.0007361005,1.1192315758708453,0.48551037907600403,0.0
Chiang Rai,pm25_lag_1h,-11.355739,0.0,0.48551037907600403,0.0
Chiang Rai,pm25_lag_2h,-0.5458003,0.0,0.48551037907600403,0.0
Chiang Rai,pm25_lag_3h,-0.009298963,0.0,0.48551037907600403,0.0
Chiang Rai,pm25_lag_6h,-0.02310865,0.0,0.48551037907600403,0.0
Chiang Rai,pm25_lag_12h,0.026995728,0.0,0.48551037907600403,0.0
Chiang Rai,pm25_lag_24h,-1.6756974,0.0,0.48551037907600403,0.0
Chiang Rai,pm25_lag_48h,-0.20258169,0.0,0.48551037907600403,0.0
Chiang Rai,pm25_lag_72h,-0.06693181,0.0,0.48551037907600403,0.0
Chiang Rai,hotspot_lag_24h,-0.009625776,0.75,0.48551037907600403,0.0
Chiang Rai,hotspot_lag_48h,-0.009048255,0.75,0.48551037907600403,0.0
Chiang Rai,hotspot_lag_72h,-0.004288104,0.75,0.48551037907600403,0.0
Chiang Rai,frp_sum_lag_24h,-0.002849679,2.6125,0.48551037907600403,0.0
Chiang Rai,frp_sum_lag_48h,-0.0024819432,2.6125,0.48551037907600403,0.0
Chiang Rai,frp_sum_lag_72h,-0.0004963471,2.6125,0.48551037907600403,0.0
Chiang Rai,hotspot_log_lag_24h,-0.002478311,0.5596157879354227,0.48551037907600403,0.0
Chiang Rai,hotspot_log_lag_48h,-0.0016057104,0.5596157879354227,0.48551037907600403,0.0
Chiang Rai,hotspot_log_lag_72h,-0.0010855846,0.5596157879354227,0.48551037907600403,0.0
Chiang Rai,pm25_roll_mean_3h,-2.1223698,0.0,0.48551037907600403,0.0
Chiang Rai,pm25_roll_mean_6h,-0.0071129827,0.0,0.48551037907600403,0.0
Chiang Rai,pm25_roll_mean_12h,0.008207723,0.0,0.48551037907600403,0.0
Chiang Rai,pm25_roll_mean_24h,-0.4145605,0.0,0.48551037907600403,0.0
Chiang Rai,pm25_roll_mean_48h,0.0010405923,0.0,0.48551037907600403,0.0
Chiang Rai,pm25_roll_mean_168h,0.07010011,0.0,0.48551037907600403,0.0
Chiang Rai,pm25_roll_std_3h,0.070331015,0.0,0.48551037907600403,0.0
Chiang Rai,pm25_roll_std_6h,0.040010385,0.0,0.48551037907600403,0.0
Chiang Rai,pm25_roll_std_12h,-0.10154619,0.0,0.48551037907600403,0.0
Chiang Rai,pm25_roll_std_24h,0.04232703,0.0,0.48551037907600403,0.0
Chiang Rai,pm25_roll_std_48h,-0.029603977,0.0,0.48551037907600403,0.0
Chiang Rai,pm25_roll_std_168h,0.008573851,0.0,0.48551037907600403,0.0
Chiang Rai,pm25_roll_max_3h,-1.6475381,0.0,0.48551037907600403,0.0
Chiang Rai,pm25_roll_max_6h,0.044378106,0.0,0.48551037907600403,0.0
Chiang Rai,pm25_roll_max_12h,0.011043805,0.0,0.48551037907600403,0.0
Chiang Rai,pm25_roll_max_24h,-0.07084903,0.0,0.48551037907600403,0.0
Chiang Rai,pm25_roll_max_48h,0.032041375,0.0,0.48551037907600403,0.0
Chiang Rai,pm25_roll_max_168h,0.0085104825,0.0,0.48551037907600403,0.0
Chiang Rai,hotspot_roll_sum_24h,-0.01191168,18.0,0.48551037907600403,0.0
Chiang Rai,hotspot_roll_sum_48h,-0.00619287,36.0,0.48551037907600403,0.0
Chiang Rai,hotspot_roll_sum_168h,-0.00526521,126.25,0.48551037907600403,0.0
Chiang Rai,frp_roll_sum_24h,0.002148978,62.699999999999996,0.48551037907600403,0.0
Chiang Rai,frp_roll_sum_48h,-0.012062504,125.4,0.48551037907600403,0.0
Chiang Rai,frp_roll_sum_168h,-0.013146196,439.12750000000005,0.48551037907600403,0.0
Chiang Rai,pm25_delta_1h,0.22636871,0.0,0.48551037907600403,0.0
Chiang Rai,pm25_delta_24h,-0.0383631,0.0,0.48551037907600403,0.0
Chiang Rai,humidity_delta_1h,-0.026175994,1.0,0.48551037907600403,0.0
Chiang Rai,humidity_delta_24h,0.0025350333,-2.0,0.48551037907600403,0.0
Lampang,temperature_2m,-0.06795142,24.4,0.48551037907600403,0.0
Lampang,relative_humidity_2m,-0.273735,99.0,0.48551037907600403,0.0
Lampang,precipitation_log,0.024084378,0.0,0.48551037907600403,0.0
Lampang,surface_pressure,0.41677904,984.0,0.48551037907600403,0.0
Lampang,wind_speed_10m,-0.0032960754,3.4,0.48551037907600403,0.0
Lampang,wind_dir_sin,-0.024270572,0.9510565162951535,0.48551037907600403,0.0
Lampang,wind_dir_cos,-0.011862666,0.30901699437494745,0.48551037907600403,0.0
Lampang,hotspot_log,0.0046092784,0.0,0.48551037907600403,0.0
Lampang,frp_sum_log,-0.0009413775,0.0,0.48551037907600403,0.0
Lampang,frp_mean_log,0.02567554,0.0,0.48551037907600403,0.0
Lampang,hour_sin,-0.16952373,-0.25881904510252157,0.48551037907600403,0.0
Lampang,hour_cos,-0.027470756,0.9659258262890681,0.48551037907600403,0.0
Lampang,month_sin,0.0041457303,-0.8660254037844386,0.48551037907600403,0.0
Lampang,month_cos,0.0047252225,0.5000000000000001,0.48551037907600403,0.0
Lampang,day_sin,0.0054363343,0.7247927872291199,0.48551037907600403,0.0
Lampang,day_cos,0.003083357,0.6889669190756866,0.48551037907600403,0.0
Lampang,is_haze_season,-0.00029381155,0.0,0.48551037907600403,0.0
Lampang,year,-0.018065635,2026.0,0.48551037907600403,0.0
Lampang,province_label,0.0,2.0,0.48551037907600403,0.0
Lampang,province_target_enc,0.0,18.251279707495428,0.48551037907600403,0.0
Lampang,temp_x_humidity,0.06646878,24.156,0.48551037907600403,0.0
Lampang,hotspot_x_haze,4.633925e-05,0.0,0.48551037907600403,0.0
Lampang,frp_x_haze,-0.00069721596,0.0,0.48551037907600403,0.0
Lampang,wind_x_hotspot,-0.0007657155,0.0,0.48551037907600403,0.0
Lampang,pm25_lag_1h,-11.321876,0.0,0.48551037907600403,0.0
Lampang,pm25_lag_2h,-0.5433119,0.0,0.48551037907600403,0.0
Lampang,pm25_lag_3h,-0.006071742,0.0,0.48551037907600403,0.0
Lampang,pm25_lag_6h,-0.022669805,0.0,0.48551037907600403,0.0
Lampang,pm25_lag_12h,0.15741782,0.0,0.48551037907600403,0.0
Lampang,pm25_lag_24h,-1.5598214,0.0,0.48551037907600403,0.0
Lampang,pm25_lag_48h,-0.21145734,0.0,0.48551037907600403,0.0
Lampang,pm25_lag_72h,-0.029417658,0.0,0.48551037907600403,0.0
Lampang,hotspot_lag_24h,-0.0077222576,0.0,0.48551037907600403,0.0
Lampang,hotspot_lag_48h,-0.009035283,0.0,0.48551037907600403,0.0
Lampang,hotspot_lag_72h,-0.0034410013,0.0,0.48551037907600403,0.0
Lampang,frp_sum_lag_24h,-0.0032651597,0.0,0.48551037907600403,0.0
Lampang,frp_sum_lag_48h,-0.006722541,0.0,0.48551037907600403,0.0
Lampang,frp_sum_lag_72h,-0.0011158142,0.0,0.48551037907600403,0.0
Lampang,hotspot_log_lag_24h,-0.002220653,0.0,0.48551037907600403,0.0
Lampang,hotspot_log_lag_48h,-0.0016217487,0.0,0.48551037907600403,0.0
Lampang,hotspot_log_lag_72h,-0.0010855846,0.0,0.48551037907600403,0.0
Lampang,pm25_roll_mean_3h,-2.102252,0.0,0.48551037907600403,0.0
Lampang,pm25_roll_mean_6h,-0.0126894815,0.0,0.48551037907600403,0.0
Lampang,pm25_roll_mean_12h,0.006845879,0.0,0.48551037907600403,0.0
Lampang,pm25_roll_mean_24h,-0.42599174,0.0,0.48551037907600403,0.0
Lampang,pm25_roll_mean_48h,0.03229302,0.0,0.48551037907600403,0.0
Lampang,pm25_roll_mean_168h,0.1691983,0.0,0.48551037907600403,0.0
Lampang,pm25_roll_std_3h,0.06037396,0.0,0.48551037907600403,0.0
Lampang,pm25_roll_std_6h,0.07444315,0.0,0.48551037907600403,0.0
Lampang,pm25_roll_std_12h,-0.12364154,0.0,0.48551037907600403,0.0
Lampang,pm25_roll_std_24h,0.029256666,0.0,0.48551037907600403,0.0
Lampang,pm25_roll_std_48h,-0.044059366,0.0,0.48551037907600403,0.0
Lampang,pm25_roll_std_168h,0.014496363,0.0,0.48551037907600403,0.0
Lampang,pm25_roll_max_3h,-1.641039,0.0,0.48551037907600403,0.0
Lampang,pm25_roll_max_6h,0.046874154,0.0,0.48551037907600403,0.0
Lampang,pm25_roll_max_12h,0.00071082497,0.0,0.48551037907600403,0.0
Lampang,pm25_roll_max_24h,-0.07861093,0.0,0.48551037907600403,0.0
Lampang,pm25_roll_max_48h,0.08867477,0.0,0.48551037907600403,0.0
Lampang,pm25_roll_max_168h,0.105533525,0.0,0.48551037907600403,0.0
Lampang,hotspot_roll_sum_24h,-0.005177567,0.0,0.48551037907600403,0.0
Lampang,hotspot_roll_sum_48h,-0.0108555695,0.0,0.48551037907600403,0.0
Lampang,hotspot_roll_sum_168h,-0.014775292,0.0,0.48551037907600403,0.0
Lampang,frp_roll_sum_24h,-0.00067729614,0.0,0.48551037907600403,0.0
Lampang,frp_roll_sum_48h,-0.010110528,0.0,0.48551037907600403,0.0
Lampang,frp_roll_sum_168h,-0.018422877,0.0,0.48551037907600403,0.0
Lampang,pm25_delta_1h,0.23093005,0.0,0.48551037907600403,0.0
Lampang,pm25_delta_24h,-0.017045511,0.0,0.48551037907600403,0.0
Lampang,humidity_delta_1h,-0.035277743,0.0,0.48551037907600403,0.0
Lampang,humidity_delta_24h,-0.0013263912,0.0,0.48551037907600403,0.0
Lamphun,temperature_2m,-0.08877807,24.5,0.48551037907600403,0.0
Lamphun,relative_humidity_2m,-0.25124967,96.0,0.48551037907600403,0.0
Lamphun,precipitation_log,-0.05227144,0.18232155679395465,0.48551037907600403,0.0
Lamphun,surface_pressure,0.2553573,977.8,0.48551037907600403,0.0
Lamphun,wind_speed_10m,0.008409399,2.3,0.48551037907600403,0.0
Lamphun,wind_dir_sin,-0.008035987,-1.0,0.48551037907600403,0.0
Lamphun,wind_dir_cos,-0.028541876,-1.8369701987210297e-16,0.48551037907600403,0.0
Lamphun,hotspot_log,0.0023155226,0.0,0.48551037907600403,0.0
Lamphun,frp_sum_log,-0.00068423216,0.0,0.48551037907600403,0.0
Lamphun,frp_mean_log,0.011985142,0.0,0.48551037907600403,0.0
Lamphun,hour_sin,-0.17477304,-0.25881904510252157,0.48551037907600403,0.0
Lamphun,hour_cos,0.02608453,0.9659258262890681,0.48551037907600403,0.0
Lamphun,month_sin,0.0032781642,-0.8660254037844386,0.48551037907600403,0.0
Lamphun,month_cos,-0.008814373,0.5000000000000001,0.48551037907600403,0.0
Lamphun,day_sin,-0.01294939,0.7247927872291199,0.48551037907600403,0.0
Lamphun,day_cos,0.0040380727,0.6889669190756866,0.48551037907600403,0.0
Lamphun,is_haze_season,-0.00029381155,0.0,0.48551037907600403,0.0
Lamphun,year,-0.018759765,2026.0,0.48551037907600403,0.0
Lamphun,province_label,0.0,3.0,0.48551037907600403,0.0
Lamphun,province_target_enc,0.0,17.79868982327849,0.48551037907600403,0.0
Lamphun,temp_x_humidity,-0.03885965,23.52,0.48551037907600403,0.0
Lamphun,hotspot_x_haze,7.1127244e-05,0.0,0.48551037907600403,0.0
Lamphun,frp_x_haze,-0.00069721596,0.0,0.48551037907600403,0.0
Lamphun,wind_x_hotspot,-0.0003728146,0.0,0.48551037907600403,0.0
Lamphun,pm25_lag_1h,-11.311159,0.0,0.48551037907600403,0.0
Lamphun,pm25_lag_2h,-0.5591076,0.0,0.48551037907600403,0.0
Lamphun,pm25_lag_3h,-0.012484344,0.0,0.48551037907600403,0.0
Lamphun,pm25_lag_6h,-0.019620912,0.0,0.48551037907600403,0.0
Lamphun,pm25_lag_12h,0.12318939,0.0,0.48551037907600403,0.0
Lamphun,pm25_lag_24h,-1.6747499,0.0,0.48551037907600403,0.0
Lamphun,pm25_lag_48h,-0.21169604,0.0,0.48551037907600403,0.0
Lamphun,pm25_lag_72h,-0.06808051,0.0,0.48551037907600403,0.0
Lamphun,hotspot_lag_24h,-0.008009756,0.0,0.48551037907600403,0.0
Lamphun,hotspot_lag_48h,-0.008969109,0.0,0.48551037907600403,0.0
Lamphun,hotspot_lag_72h,-0.004253286,0.0,0.48551037907600403,0.0
Lamphun,frp_sum_lag_24h,-0.002996755,0.0,0.48551037907600403,0.0
Lamphun,frp_sum_lag_48h,-0.007972781,0.0,0.48551037907600403,0.0
Lamphun,frp_sum_lag_72h,-0.0024143774,0.0,0.48551037907600403,0.0
Lamphun,hotspot_log_lag_24h,-0.0025373467,0.0,0.48551037907600403,0.0
Lamphun,hotspot_log_lag_48h,-0.0023111384,0.0,0.48551037907600403,0.0
Lamphun,hotspot_log_lag_72h,-0.0010855846,0.0,0.48551037907600403,0.0
Lamphun,pm25_roll_mean_3h,-2.1022413,0.0,0.48551037907600403,0.0
Lamphun,pm25_roll_mean_6h,-0.00673303,0.0,0.48551037907600403,0.0
Lamphun,pm25_roll_mean_12h,0.0036742038,0.0,0.48551037907600403,0.0
Lamphun,pm25_roll_mean_24h,-0.37842336,0.0,0.48551037907600403,0.0
Lamphun,pm25_roll_mean_48h,0.03516567,0.0,0.48551037907600403,0.0
Lamphun,pm25_roll_mean_168h,0.07468171,0.0,0.48551037907600403,0.0
Lamphun,pm25_roll_std_3h,0.04934478,0.0,0.48551037907600403,0.0
Lamphun,pm25_roll_std_6h,0.059294242,0.0,0.48551037907600403,0.0
Lamphun,pm25_roll_std_12h,-0.11785345,0.0,0.48551037907600403,0.0
Lamphun,pm25_roll_std_24h,0.026633207,0.0,0.48551037907600403,0.0
Lamphun,pm25_roll_std_48h,-0.03129618,0.0,0.48551037907600403,0.0
Lamphun,pm25_roll_std_168h,0.0065735644,0.0,0.48551037907600403,0.0
Lamphun,pm25_roll_max_3h,-1.6477133,0.0,0.48551037907600403,0.0
Lamphun,pm25_roll_max_6h,0.043568518,0.0,0.48551037907600403,0.0
Lamphun,pm25_roll_max_12h,0.0073475675,0.0,0.48551037907600403,0.0
Lamphun,pm25_roll_max_24h,-0.07033961,0.0,0.48551037907600403,0.0
Lamphun,pm25_roll_max_48h,0.051103182,0.0,0.48551037907600403,0.0
Lamphun,pm25_roll_max_168h,0.106367856,0.0,0.48551037907600403,0.0
Lamphun,hotspot_roll_sum_24h,-0.005325439,0.0,0.48551037907600403,0.0
Lamphun,hotspot_roll_sum_48h,-0.011181257,0.0,0.48551037907600403,0.0
Lamphun,hotspot_roll_sum_168h,-0.010746284,0.0,0.48551037907600403,0.0
Lamphun,frp_roll_sum_24h,-0.0005748558,0.0,0.48551037907600403,0.0
Lamphun,frp_roll_sum_48h,-0.011122381,0.0,0.48551037907600403,0.0
Lamphun,frp_roll_sum_168h,-0.019675607,0.0,0.48551037907600403,0.0
Lamphun,pm25_delta_1h,0.23893142,0.0,0.48551037907600403,0.0
Lamphun,pm25_delta_24h,-0.030216614,0.0,0.48551037907600403,0.0
Lamphun,humidity_delta_1h,-0.027509276,2.0,0.48551037907600403,0.0
Lamphun,humidity_delta_24h,3.684094e-05,0.0,0.48551037907600403,0.0
Mae Hong Son,temperature_2m,-0.08711211,23.8,0.48551037907600403,0.0
Mae Hong Son,relative_humidity_2m,-0.24782676,100.0,0.48551037907600403,0.0
Mae Hong Son,precipitation_log,-0.12090822,0.5306282510621704,0.48551037907600403,0.0
Mae Hong Son,surface_pressure,0.4372398,982.0,0.48551037907600403,0.0
Mae Hong Son,wind_speed_10m,0.007165806,2.3,0.48551037907600403,0.0
Mae Hong Son,wind_dir_sin,-0.008110611,-0.9205048534524403,0.48551037907600403,0.0
Mae Hong Son,wind_dir_cos,-0.03746159,-0.3907311284892738,0.48551037907600403,0.0
Mae Hong Son,hotspot_log,0.0023383799,0.0,0.48551037907600403,0.0
Mae Hong Son,frp_sum_log,-0.0010667449,0.0,0.48551037907600403,0.0
Mae Hong Son,frp_mean_log,0.016404934,0.0,0.48551037907600403,0.0
Mae Hong Son,hour_sin,-0.17505716,-0.25881904510252157,0.48551037907600403,0.0
Mae Hong Son,hour_cos,-0.02754454,0.9659258262890681,0.48551037907600403,0.0
Mae Hong Son,month_sin,0.0028416738,-0.8660254037844386,0.48551037907600403,0.0
Mae Hong Son,month_cos,-0.0062462175,0.5000000000000001,0.48551037907600403,0.0
Mae Hong Son,day_sin,-0.013097087,0.7247927872291199,0.48551037907600403,0.0
Mae Hong Son,day_cos,-0.0004498521,0.6889669190756866,0.48551037907600403,0.0
Mae Hong Son,is_haze_season,-0.00029381155,0.0,0.48551037907600403,0.0
Mae Hong Son,year,-0.017913323,2026.0,0.48551037907600403,0.0
Mae Hong Son,province_label,0.0,4.0,0.48551037907600403,0.0
Mae Hong Son,province_target_enc,0.0,12.911837294332724,0.48551037907600403,0.0
Mae Hong Son,temp_x_humidity,0.029019432,23.8,0.48551037907600403,0.0
Mae Hong Son,hotspot_x_haze,-4.674359e-06,0.0,0.48551037907600403,0.0
Mae Hong Son,frp_x_haze,-0.00069721596,0.0,0.48551037907600403,0.0
Mae Hong Son,wind_x_hotspot,-0.0005170001,0.0,0.48551037907600403,0.0
Mae Hong Son,pm25_lag_1h,-11.297545,0.0,0.48551037907600403,0.0
Mae Hong Son,pm25_lag_2h,-0.5544408,0.0,0.48551037907600403,0.0
Mae Hong Son,pm25_lag_3h,-0.009734971,0.0,0.48551037907600403,0.0
Mae Hong Son,pm25_lag_6h,-0.019827513,0.0,0.48551037907600403,0.0
Mae Hong Son,pm25_lag_12h,0.14311904,0.0,0.48551037907600403,0.0
Mae Hong Son,pm25_lag_24h,-1.5818064,0.0,0.48551037907600403,0.0
Mae Hong Son,pm25_lag_48h,-0.21157894,0.0,0.48551037907600403,0.0
Mae Hong Son,pm25_lag_72h,-0.03604649,0.0,0.48551037907600403,0.0
Mae Hong Son,hotspot_lag_24h,-0.008098051,0.0,0.48551037907600403,0.0
Mae Hong Son,hotspot_lag_48h,-0.0084416615,0.0,0.48551037907600403,0.0
Mae Hong Son,hotspot_lag_72h,-0.004203325,0.0,0.48551037907600403,0.0
Mae Hong Son,frp_sum_lag_24h,-0.0031116179,0.0,0.48551037907600403,0.0
Mae Hong Son,frp_sum_lag_48h,-0.006971001,0.0,0.48551037907600403,0.0
Mae Hong Son,frp_sum_lag_72h,-0.0015119318,0.0,0.48551037907600403,0.0
Mae Hong Son,hotspot_log_lag_24h,-0.0025819384,0.0,0.48551037907600403,0.0
Mae Hong Son,hotspot_log_lag_48h,-0.0016305925,0.0,0.48551037907600403,0.0
Mae Hong Son,hotspot_log_lag_72h,-0.0010855846,0.0,0.48551037907600403,0.0
Mae Hong Son,pm25_roll_mean_3h,-2.1009948,0.0,0.48551037907600403,0.0
Mae Hong Son,pm25_roll_mean_6h,-0.008449188,0.0,0.48551037907600403,0.0
Mae Hong Son,pm25_roll_mean_12h,0.006553872,0.0,0.48551037907600403,0.0
Mae Hong Son,pm25_roll_mean_24h,-0.42358974,0.0,0.48551037907600403,0.0
Mae Hong Son,pm25_roll_mean_48h,0.039121523,0.0,0.48551037907600403,0.0
Mae Hong Son,pm25_roll_mean_168h,0.17149943,0.0,0.48551037907600403,0.0
Mae Hong Son,pm25_roll_std_3h,0.04236637,0.0,0.48551037907600403,0.0
Mae Hong Son,pm25_roll_std_6h,0.12055178,0.0,0.48551037907600403,0.0
Mae Hong Son,pm25_roll_std_12h,-0.11769675,0.0,0.48551037907600403,0.0
Mae Hong Son,pm25_roll_std_24h,0.026029635,0.0,0.48551037907600403,0.0
Mae Hong Son,pm25_roll_std_48h,-0.042809203,0.0,0.48551037907600403,0.0
Mae Hong Son,pm25_roll_std_168h,0.0060140463,0.0,0.48551037907600403,0.0
Mae Hong Son,pm25_roll_max_3h,-1.6471908,0.0,0.48551037907600403,0.0
Mae Hong Son,pm25_roll_max_6h,0.043748252,0.0,0.48551037907600403,0.0
Mae Hong Son,pm25_roll_max_12h,0.008411242,0.0,0.48551037907600403,0.0
Mae Hong Son,pm25_roll_max_24h,-0.0781485,0.0,0.48551037907600403,0.0
Mae Hong Son,pm25_roll_max_48h,0.08967963,0.0,0.48551037907600403,0.0
Mae Hong Son,pm25_roll_max_168h,0.1071711,0.0,0.48551037907600403,0.0
Mae Hong Son,hotspot_roll_sum_24h,-0.0055959583,0.0,0.48551037907600403,0.0
Mae Hong Son,hotspot_roll_sum_48h,-0.011029144,0.0,0.48551037907600403,0.0
Mae Hong Son,hotspot_roll_sum_168h,-0.011802878,0.0,0.48551037907600403,0.0
Mae Hong Son,frp_roll_sum_24h,-0.00063806557,0.0,0.48551037907600403,0.0
Mae Hong Son,frp_roll_sum_48h,-0.010051155,0.0,0.48551037907600403,0.0
Mae Hong Son,frp_roll_sum_168h,-0.018626252,0.0,0.48551037907600403,0.0
Mae Hong Son,pm25_delta_1h,0.24387047,0.0,0.48551037907600403,0.0
Mae Hong Son,pm25_delta_24h,-0.014801897,0.0,0.48551037907600403,0.0
Mae Hong Son,humidity_delta_1h,-0.03625409,0.0,0.48551037907600403,0.0
Mae Hong Son,humidity_delta_24h,0.013901436,6.0,0.48551037907600403,0.0
Nan,temperature_2m,-0.06989111,24.0,0.48551037907600403,0.0
Nan,relative_humidity_2m,-0.2635605,99.0,0.48551037907600403,0.0
Nan,precipitation_log,-0.050528634,0.09531017980432487,0.48551037907600403,0.0
Nan,surface_pressure,0.4850819,988.5,0.48551037907600403,0.0
Nan,wind_speed_10m,0.008323782,2.3,0.48551037907600403,0.0
Nan,wind_dir_sin,0.010041743,-0.7071067811865477,0.48551037907600403,0.0
Nan,wind_dir_cos,0.0369892,0.7071067811865474,0.48551037907600403,0.0
Nan,hotspot_log,0.0046659103,0.0,0.48551037907600403,0.0
Nan,frp_sum_log,-0.0018443986,0.0,0.48551037907600403,0.0
Nan,frp_mean_log,0.012546313,0.0,0.48551037907600403,0.0
Nan,hour_sin,-0.16504847,-0.25881904510252157,0.48551037907600403,0.0
Nan,hour_cos,-0.03519323,0.9659258262890681,0.48551037907600403,0.0
Nan,month_sin,0.001895953,-0.8660254037844386,0.48551037907600403,0.0
Nan,month_cos,0.004574348,0.5000000000000001,0.48551037907600403,0.0
Nan,day_sin,0.001544861,0.7247927872291199,0.48551037907600403,0.0
Nan,day_cos,0.004043215,0.6889669190756866,0.48551037907600403,0.0
Nan,is_haze_season,-0.00029381155,0.0,0.48551037907600403,0.0
Nan,year,-0.012786161,2026.0,0.48551037907600403,0.0
Nan,province_label,0.0,5.0,0.48551037907600403,0.0
Nan,province_target_enc,0.0,18.212416209628277,0.48551037907600403,0.0
Nan,temp_x_humidity,0.08835098,23.76,0.48551037907600403,0.0
Nan,hotspot_x_haze,-4.674359e-06,0.0,0.48551037907600403,0.0
Nan,frp_x_haze,-0.0005657696,0.0,0.48551037907600403,0.0
Nan,wind_x_hotspot,-0.0009699712,0.0,0.48551037907600403,0.0
Nan,pm25_lag_1h,-11.319427,0.0,0.48551037907600403,0.0
Nan,pm25_lag_2h,-0.5483138,0.0,0.48551037907600403,0.0
Nan,pm25_lag_3h,-0.009501567,0.0,0.48551037907600403,0.0
Nan,pm25_lag_6h,-0.019535588,0.0,0.48551037907600403,0.0
Nan,pm25_lag_12h,0.15749383,0.0,0.48551037907600403,0.0
Nan,pm25_lag_24h,-1.5574657,0.0,0.48551037907600403,0.0
Nan,pm25_lag_48h,-0.20677198,0.0,0.48551037907600403,0.0
Nan,pm25_lag_72h,-0.022340046,0.0,0.48551037907600403,0.0
Nan,hotspot_lag_24h,-0.007864035,0.0,0.48551037907600403,0.0
Nan,hotspot_lag_48h,-0.0089268675,0.0,0.48551037907600403,0.0
Nan,hotspot_lag_72h,-0.0033548702,0.0,0.48551037907600403,0.0
Nan,frp_sum_lag_24h,-0.003105519,0.0,0.48551037907600403,0.0
Nan,frp_sum_lag_48h,-0.0072124884,0.0,0.48551037907600403,0.0
Nan,frp_sum_lag_72h,0.00048902724,0.0,0.48551037907600403,0.0
Nan,hotspot_log_lag_24h,-0.002372137,0.0,0.48551037907600403,0.0
Nan,hotspot_log_lag_48h,-0.0016367043,0.0,0.48551037907600403,0.0
Nan,hotspot_log_lag_72h,-0.0010855846,0.0,0.48551037907600403,0.0
Nan,pm25_roll_mean_3h,-2.1014192,0.0,0.48551037907600403,0.0
Nan,pm25_roll_mean_6h,-0.0100472765,0.0,0.48551037907600403,0.0
Nan,pm25_roll_mean_12h,0.004627239,0.0,0.48551037907600403,0.0
Nan,pm25_roll_mean_24h,-0.4212014,0.0,0.48551037907600403,0.0
Nan,pm25_roll_mean_48h,0.039660025,0.0,0.48551037907600403,0.0
Nan,pm25_roll_mean_168h,0.17153539,0.0,0.48551037907600403,0.0
Nan,pm25_roll_std_3h,0.06141234,0.0,0.48551037907600403,0.0
Nan,pm25_roll_std_6h,0.11528209,0.0,0.48551037907600403,0.0
Nan,pm25_roll_std_12h,-0.09905486,0.0,0.48551037907600403,0.0
Nan,pm25_roll_std_24h,0.033396434,0.0,0.48551037907600403,0.0
Nan,pm25_roll_std_48h,-0.043912698,0.0,0.48551037907600403,0.0
Nan,pm25_roll_std_168h,0.010497905,0.0,0.48551037907600403,0.0
Nan,pm25_roll_max_3h,-1.6439872,0.0,0.48551037907600403,0.0
Nan,pm25_roll_max_6h,0.047193903,0.0,0.48551037907600403,0.0
Nan,pm25_roll_max_12h,0.002124178,0.0,0.48551037907600403,0.0
Nan,pm25_roll_max_24h,-0.07817694,0.0,0.48551037907600403,0.0
Nan,pm25_roll_max_48h,0.08921465,0.0,0.48551037907600403,0.0
Nan,pm25_roll_max_168h,0.10675739,0.0,0.48551037907600403,0.0
Nan,hotspot_roll_sum_24h,-0.005497652,0.0,0.48551037907600403,0.0
Nan,hotspot_roll_sum_48h,-0.011029144,0.0,0.48551037907600403,0.0
Nan,hotspot_roll_sum_168h,-0.01449048,0.0,0.48551037907600403,0.0
Nan,frp_roll_sum_24h,-0.0007471607,0.0,0.48551037907600403,0.0
Nan,frp_roll_sum_48h,-0.010031151,0.0,0.48551037907600403,0.0
Nan,frp_roll_sum_168h,-0.0189404,0.0,0.48551037907600403,0.0
Nan,pm25_delta_1h,0.2273646,0.0,0.48551037907600403,0.0
Nan,pm25_delta_24h,-0.077230886,0.0,0.48551037907600403,0.0
Nan,humidity_delta_1h,-0.037708953,0.0,0.48551037907600403,0.0
Nan,humidity_delta_24h,0.0018480427,5.0,0.48551037907600403,0.0
Phayao,temperature_2m,-0.08501247,24.0,0.48551037907600403,0.0
Phayao,relative_humidity_2m,-0.25454062,97.0,0.48551037907600403,0.0
Phayao,precipitation_log,-0.03242566,0.09531017980432487,0.48551037907600403,0.0
Phayao,surface_pressure,-0.033625014,966.9,0.48551037907600403,0.0
Phayao,wind_speed_10m,0.0076060663,1.8,0.48551037907600403,0.0
Phayao,wind_dir_sin,-0.0059407544,0.6018150231520483,0.48551037907600403,0.0
Phayao,wind_dir_cos,0.09415543,0.7986355100472928,0.48551037907600403,0.0
Phayao,hotspot_log,-0.00061332376,0.0,0.48551037907600403,0.0
Phayao,frp_sum_log,-0.0017568314,0.0,0.48551037907600403,0.0
Phayao,frp_mean_log,0.012331246,0.0,0.48551037907600403,0.0
Phayao,hour_sin,-0.1434323,-0.25881904510252157,0.48551037907600403,0.0
Phayao,hour_cos,0.021642717,0.9659258262890681,0.48551037907600403,0.0
Phayao,month_sin,0.0025079474,-0.8660254037844386,0.48551037907600403,0.0
Phayao,month_cos,0.0035223302,0.5000000000000001,0.48551037907600403,0.0
Phayao,day_sin,0.0011280845,0.7247927872291199,0.48551037907600403,0.0
Phayao,day_cos,0.0030181075,0.6889669190756866,0.48551037907600403,0.0
Phayao,is_haze_season,-0.00029381155,0.0,0.48551037907600403,0.0
Phayao,year,-0.008745701,2026.0,0.48551037907600403,0.0
Phayao,province_label,0.0,6.0,0.48551037907600403,0.0
Phayao,province_target_enc,0.0,17.143692870201097,0.48551037907600403,0.0
Phayao,temp_x_humidity,-0.008780511,23.28,0.48551037907600403,0.0
Phayao,hotspot_x_haze,3.5155244e-07,0.0,0.48551037907600403,0.0
Phayao,frp_x_haze,-0.00066127867,0.0,0.48551037907600403,0.0
Phayao,wind_x_hotspot,-0.00062345853,0.0,0.48551037907600403,0.0
Phayao,pm25_lag_1h,-11.3300295,0.0,0.48551037907600403,0.0
Phayao,pm25_lag_2h,-0.5511489,0.0,0.48551037907600403,0.0
Phayao,pm25_lag_3h,-0.012020225,0.0,0.48551037907600403,0.0
Phayao,pm25_lag_6h,-0.020871505,0.0,0.48551037907600403,0.0
Phayao,pm25_lag_12h,0.028516188,0.0,0.48551037907600403,0.0
Phayao,pm25_lag_24h,-1.6883717,0.0,0.48551037907600403,0.0
Phayao,pm25_lag_48h,-0.19720156,0.0,0.48551037907600403,0.0
Phayao,pm25_lag_72h,-0.06900898,0.0,0.48551037907600403,0.0
Phayao,hotspot_lag_24h,-0.009280912,0.0,0.48551037907600403,0.0
Phayao,hotspot_lag_48h,-0.00870807,0.0,0.48551037907600403,0.0
Phayao,hotspot_lag_72h,-0.004177943,0.0,0.48551037907600403,0.0
Phayao,frp_sum_lag_24h,-0.0033147421,0.0,0.48551037907600403,0.0
Phayao,frp_sum_lag_48h,-0.0085021695,0.0,0.48551037907600403,0.0
Phayao,frp_sum_lag_72h,-0.0024292842,0.0,0.48551037907600403,0.0
Phayao,hotspot_log_lag_24h,-0.0028858539,0.0,0.48551037907600403,0.0
Phayao,hotspot_log_lag_48h,-0.0015899293,0.0,0.48551037907600403,0.0
Phayao,hotspot_log_lag_72h,-0.0010855846,0.0,0.48551037907600403,0.0
Phayao,pm25_roll_mean_3h,-2.107469,0.0,0.48551037907600403,0.0
Phayao,pm25_roll_mean_6h,-0.009593211,0.0,0.48551037907600403,0.0
Phayao,pm25_roll_mean_12h,0.027917573,0.0,0.48551037907600403,0.0
Phayao,pm25_roll_mean_24h,-0.38962606,0.0,0.48551037907600403,0.0
Phayao,pm25_roll_mean_48h,0.0018236432,0.0,0.48551037907600403,0.0
Phayao,pm25_roll_mean_168h,0.07487044,0.0,0.48551037907600403,0.0
Phayao,pm25_roll_std_3h,0.06867643,0.0,0.48551037907600403,0.0
Phayao,pm25_roll_std_6h,0.040181454,0.0,0.48551037907600403,0.0
Phayao,pm25_roll_std_12h,-0.09142486,0.0,0.48551037907600403,0.0
Phayao,pm25_roll_std_24h,0.027994296,0.0,0.48551037907600403,0.0
Phayao,pm25_roll_std_48h,-0.026903568,0.0,0.48551037907600403,0.0
Phayao,pm25_roll_std_168h,0.0048658117,0.0,0.48551037907600403,0.0
Phayao,pm25_roll_max_3h,-1.6457328,0.0,0.48551037907600403,0.0
Phayao,pm25_roll_max_6h,0.04543722,0.0,0.48551037907600403,0.0
Phayao,pm25_roll_max_12h,0.010498283,0.0,0.48551037907600403,0.0
Phayao,pm25_roll_max_24h,-0.06761984,0.0,0.48551037907600403,0.0
Phayao,pm25_roll_max_48h,0.033778753,0.0,0.48551037907600403,0.0
Phayao,pm25_roll_max_168h,0.008912479,0.0,0.48551037907600403,0.0
Phayao,hotspot_roll_sum_24h,-0.0029494152,0.0,0.48551037907600403,0.0
Phayao,hotspot_roll_sum_48h,-0.0110318875,0.0,0.48551037907600403,0.0
Phayao,hotspot_roll_sum_168h,-0.01201609,0.0,0.48551037907600403,0.0
Phayao,frp_roll_sum_24h,-0.0007410121,0.0,0.48551037907600403,0.0
Phayao,frp_roll_sum_48h,-0.011106978,0.0,0.48551037907600403,0.0
Phayao,frp_roll_sum_168h,-0.019428136,0.0,0.48551037907600403,0.0
Phayao,pm25_delta_1h,0.2099459,0.0,0.48551037907600403,0.0
Phayao,pm25_delta_24h,-0.039307475,0.0,0.48551037907600403,0.0
Phayao,humidity_delta_1h,-0.028478183,1.0,0.48551037907600403,0.0
Phayao,humidity_delta_24h,0.0014851675,-3.0,0.48551037907600403,0.0
Phrae,temperature_2m,-0.06480029,24.8,0.48551037907600403,0.0
Phrae,relative_humidity_2m,-0.25051352,96.0,0.48551037907600403,0.0
Phrae,precipitation_log,0.02919547,0.0,0.48551037907600403,0.0
Phrae,surface_pressure,0.49834582,992.7,0.48551037907600403,0.0
Phrae,wind_speed_10m,0.009361679,1.7,0.48551037907600403,0.0
Phrae,wind_dir_sin,0.006039483,0.7547095802227721,0.48551037907600403,0.0
Phrae,wind_dir_cos,-0.017220128,-0.6560590289905072,0.48551037907600403,0.0
Phrae,hotspot_log,0.0047977874,0.22314355131420974,0.48551037907600403,0.0
Phrae,frp_sum_log,-0.0006945605,0.9419584786227329,0.48551037907600403,0.0
Phrae,frp_mean_log,0.016926229,0.9419584786227329,0.48551037907600403,0.0
Phrae,hour_sin,-0.16680992,-0.25881904510252157,0.48551037907600403,0.0
Phrae,hour_cos,-0.0015957097,0.9659258262890681,0.48551037907600403,0.0
Phrae,month_sin,0.0027842019,-0.8660254037844386,0.48551037907600403,0.0
Phrae,month_cos,0.0047507263,0.5000000000000001,0.48551037907600403,0.0
Phrae,day_sin,0.005038239,0.7247927872291199,0.48551037907600403,0.0
Phrae,day_cos,0.0031710328,0.6889669190756866,0.48551037907600403,0.0
Phrae,is_haze_season,-0.00029381155,0.0,0.48551037907600403,0.0
Phrae,year,-0.01611343,2026.0,0.48551037907600403,0.0
Phrae,province_label,0.0,7.0,0.48551037907600403,0.0
Phrae,province_target_enc,0.0,17.761144119439365,0.48551037907600403,0.0
Phrae,temp_x_humidity,0.11416167,23.808000000000003,0.48551037907600403,0.0
Phrae,hotspot_x_haze,4.633925e-05,0.0,0.48551037907600403,0.0
Phrae,frp_x_haze,-0.00069721596,0.0,0.48551037907600403,0.0
Phrae,wind_x_hotspot,-0.0006801371,0.37934403723415655,0.48551037907600403,0.0
Phrae,pm25_lag_1h,-11.309334,0.0,0.48551037907600403,0.0
Phrae,pm25_lag_2h,-0.53501886,0.0,0.48551037907600403,0.0
Phrae,pm25_lag_3h,-0.005364699,0.0,0.48551037907600403,0.0
Phrae,pm25_lag_6h,-0.021071058,0.0,0.48551037907600403,0.0
Phrae,pm25_lag_12h,0.15997493,0.0,0.48551037907600403,0.0
Phrae,pm25_lag_24h,-1.5674355,0.0,0.48551037907600403,0.0
Phrae,pm25_lag_48h,-0.20959178,0.0,0.48551037907600403,0.0
Phrae,pm25_lag_72h,-0.022168132,0.0,0.48551037907600403,0.0
Phrae,hotspot_lag_24h,-0.00756884,0.25,0.48551037907600403,0.0
Phrae,hotspot_lag_48h,-0.009460713,0.25,0.48551037907600403,0.0
Phrae,hotspot_lag_72h,-0.0033371374,0.25,0.48551037907600403,0.0
Phrae,frp_sum_lag_24h,-0.0009125454,1.565,0.48551037907600403,0.0
Phrae,frp_sum_lag_48h,-0.0067560365,1.565,0.48551037907600403,0.0
Phrae,frp_sum_lag_72h,-0.00012482965,1.565,0.48551037907600403,0.0
Phrae,hotspot_log_lag_24h,-0.0022904093,0.22314355131420974,0.48551037907600403,0.0
Phrae,hotspot_log_lag_48h,-0.0021284025,0.22314355131420974,0.48551037907600403,0.0
Phrae,hotspot_log_lag_72h,-0.0010855846,0.22314355131420974,0.48551037907600403,0.0
Phrae,pm25_roll_mean_3h,-2.1008148,0.0,0.48551037907600403,0.0
Phrae,pm25_roll_mean_6h,-0.012670432,0.0,0.48551037907600403,0.0
Phrae,pm25_roll_mean_12h,0.0058631822,0.0,0.48551037907600403,0.0
Phrae,pm25_roll_mean_24h,-0.41585436,0.0,0.48551037907600403,0.0
Phrae,pm25_roll_mean_48h,0.032446258,0.0,0.48551037907600403,0.0
Phrae,pm25_roll_mean_168h,0.1688011,0.0,0.48551037907600403,0.0
Phrae,pm25_roll_std_3h,0.05476571,0.0,0.48551037907600403,0.0
Phrae,pm25_roll_std_6h,0.10161492,0.0,0.48551037907600403,0.0
Phrae,pm25_roll_std_12h,-0.10041073,0.0,0.48551037907600403,0.0
Phrae,pm25_roll_std_24h,0.03883722,0.0,0.48551037907600403,0.0
Phrae,pm25_roll_std_48h,-0.044077806,0.0,0.48551037907600403,0.0
Phrae,pm25_roll_std_168h,0.013015569,0.0,0.48551037907600403,0.0
Phrae,pm25_roll_max_3h,-1.6439599,0.0,0.48551037907600403,0.0
Phrae,pm25_roll_max_6h,0.045583744,0.0,0.48551037907600403,0.0
Phrae,pm25_roll_max_12h,0.0017800649,0.0,0.48551037907600403,0.0
Phrae,pm25_roll_max_24h,-0.07838841,0.0,0.48551037907600403,0.0
Phrae,pm25_roll_max_48h,0.08977579,0.0,0.48551037907600403,0.0
Phrae,pm25_roll_max_168h,0.106878154,0.0,0.48551037907600403,0.0
Phrae,hotspot_roll_sum_24h,-0.0042681857,6.0,0.48551037907600403,0.0
Phrae,hotspot_roll_sum_48h,-0.007958682,12.0,0.48551037907600403,0.0
Phrae,hotspot_roll_sum_168h,-0.011941516,41.75,0.48551037907600403,0.0
Phrae,frp_roll_sum_24h,0.0021567855,37.56,0.48551037907600403,0.0
Phrae,frp_roll_sum_48h,-0.010986402,75.11999999999999,0.48551037907600403,0.0
Phrae,frp_roll_sum_168h,-0.010630417,261.3549999999999,0.48551037907600403,0.0
Phrae,pm25_delta_1h,0.2385444,0.0,0.48551037907600403,0.0
Phrae,pm25_delta_24h,-0.06556431,0.0,0.48551037907600403,0.0
Phrae,humidity_delta_1h,-0.02098706,3.0,0.48551037907600403,0.0
Phrae,humidity_delta_24h,-0.0012937484,0.0,0.48551037907600403,0.0
