Province,Datetime,Predicted_PM25
Chiang Mai,2026-10-04 12:00:00,0.0
Chiang Mai,2026-10-04 13:00:00,0.0
Chiang Mai,2026-10-04 14:00:00,0.0
Chiang Mai,2026-10-04 15:00:00,0.0
Chiang Mai,2026-10-04 16:00:00,0.0
Chiang Mai,2026-10-04 17:00:00,0.0
Chiang Mai,2026-10-04 18:00:00,0.0
Chiang Mai,2026-10-04 19:00:00,0.0
Chiang Mai,2026-10-04 20:00:00,0.0
Chiang Mai,2026-10-04 21:00:00,0.0
Chiang Mai,2026-10-04 22:00:00,0.0
Chiang Mai,2026-10-04 23:00:00,0.0
Chiang Mai,2026-10-05 00:00:00,0.0
Chiang Mai,2026-10-05 01:00:00,0.0
Chiang Mai,2026-10-05 02:00:00,0.0
Chiang Mai,2026-10-05 03:00:00,0.0
Chiang Mai,2026-10-05 04:00:00,0.0
Chiang Mai,2026-10-05 05:00:00,0.0
Chiang Mai,2026-10-05 06:00:00,0.0
Chiang Mai,2026-10-05 07:00:00,0.0
Chiang Mai,2026-10-05 08:00:00,0.0
Chiang Mai,2026-10-05 09:00:00,0.0
Chiang Mai,2026-10-05 10:00:00,0.0
Chiang Mai,2026-10-05 11:00:00,0.0
Chiang Mai,2026-10-05 12:00:00,0.0
Chiang Mai,2026-10-05 13:00:00,0.0
Chiang Mai,2026-10-05 14:00:00,0.0
Chiang Mai,2026-10-05 15:00:00,0.0
Chiang Mai,2026-10-05 16:00:00,0.0
Chiang Mai,2026-10-05 17:00:00,0.0
Chiang Mai,2026-10-05 18:00:00,0.0
Chiang Mai,2026-10-05 19:00:00,0.0
Chiang Mai,2026-10-05 20:00:00,0.0
Chiang Mai,2026-10-05 21:00:00,0.0
Chiang Mai,2026-10-05 22:00:00,0.0
Chiang Mai,2026-10-05 23:00:00,0.0
Chiang Mai,2026-10-06 00:00:00,0.0
Chiang Mai,2026-10-06 01:00:00,0.0
Chiang Mai,2026-10-06 02:00:00,0.0
Chiang Mai,2026-10-06 03:00:00,0.0
Chiang Mai,2026-10-06 04:00:00,0.0
Chiang Mai,2026-10-06 05:00:00,0.0
Chiang Mai,2026-10-06 06:00:00,0.0
Chiang Mai,2026-10-06 07:00:00,0.0
Chiang Mai,2026-10-06 08:00:00,0.0
Chiang Mai,2026-10-06 09:00:00,0.0
Chiang Mai,2026-10-06 10:00:00,0.0
Chiang Mai,2026-10-06 11:00:00,0.0
Chiang Mai,2026-10-06 12:00:00,0.0
Chiang Mai,2026-10-06 13:00:00,0.0
Chiang Mai,2026-10-06 14:00:00,0.0
Chiang Mai,2026-10-06 15:00:00,0.0
Chiang Mai,2026-10-06 16:00:00,0.0
Chiang Mai,2026-10-06 17:00:00,0.0
Chiang Mai,2026-10-06 18:00:00,0.0
Chiang Mai,2026-10-06 19:00:00,0.0
Chiang Mai,2026-10-06 20:00:00,0.0
Chiang Mai,2026-10-06 21:00:00,0.0
Chiang Mai,2026-10-06 22:00:00,0.0
Chiang Mai,2026-10-06 23:00:00,0.0
Chiang Mai,2026-10-07 00:00:00,0.0
Chiang Mai,2026-10-07 01:00:00,0.0
Chiang Mai,2026-10-07 02:00:00,0.0
Chiang Mai,2026-10-07 03:00:00,0.0
Chiang Mai,2026-10-07 04:00:00,0.0
Chiang Mai,2026-10-07 05:00:00,0.0
Chiang Mai,2026-10-07 06:00:00,0.0
Chiang Mai,2026-10-07 07:00:00,0.0
Chiang Mai,2026-10-07 08:00:00,0.0
Chiang Mai,2026-10-07 09:00:00,0.0
Chiang Mai,2026-10-07 10:00:00,0.0
Chiang Mai,2026-10-07 11:00:00,0.0
Chiang Mai,2026-10-07 12:00:00,0.0
Chiang Mai,2026-10-07 13:00:00,0.0
Chiang Mai,2026-10-07 14:00:00,0.0
Chiang Mai,2026-10-07 15:00:00,0.0
Chiang Mai,2026-10-07 16:00:00,0.0
Chiang Mai,2026-10-07 17:00:00,0.0
Chiang Mai,2026-10-07 18:00:00,0.0
Chiang Mai,2026-10-07 19:00:00,0.0
Chiang Mai,2026-10-07 20:00:00,0.0
Chiang Mai,2026-10-07 21:00:00,0.0
Chiang Mai,2026-10-07 22:00:00,0.0
Chiang Mai,2026-10-07 23:00:00,0.0
Chiang Mai,2026-10-08 00:00:00,0.0
Chiang Mai,2026-10-08 01:00:00,0.0
Chiang Mai,2026-10-08 02:00:00,0.0
Chiang Mai,2026-10-08 03:00:00,0.0
Chiang Mai,2026-10-08 04:00:00,0.0
Chiang Mai,2026-10-08 05:00:00,0.0
Chiang Mai,2026-10-08 06:00:00,0.0
Chiang Mai,2026-10-08 07:00:00,0.0
Chiang Mai,2026-10-08 08:00:00,0.0
Chiang Mai,2026-10-08 09:00:00,0.0
Chiang Mai,2026-10-08 10:00:00,0.0
Chiang Mai,2026-10-08 11:00:00,0.0
Chiang Mai,2026-10-08 12:00:00,0.0
Chiang Mai,2026-10-08 13:00:00,0.0
Chiang Mai,2026-10-08 14:00:00,0.0
Chiang Mai,2026-10-08 15:00:00,0.0
Chiang Mai,2026-10-08 16:00:00,0.0
Chiang Mai,2026-10-08 17:00:00,0.0
Chiang Mai,2026-10-08 18:00:00,0.0
Chiang Mai,2026-10-08 19:00:00,0.0
Chiang Mai,2026-10-08 20:00:00,0.0
Chiang Mai,2026-10-08 21:00:00,0.0
Chiang Mai,2026-10-08 22:00:00,0.0
Chiang Mai,2026-10-08 23:00:00,0.0
Chiang Mai,2026-10-09 00:00:00,0.0
Chiang Mai,2026-10-09 01:00:00,0.0
Chiang Mai,2026-10-09 02:00:00,0.0
Chiang Mai,2026-10-09 03:00:00,0.0
Chiang Mai,2026-10-09 04:00:00,0.0
Chiang Mai,2026-10-09 05:00:00,0.0
Chiang Mai,2026-10-09 06:00:00,0.0
Chiang Mai,2026-10-09 07:00:00,0.0
Chiang Mai,2026-10-09 08:00:00,0.0
Chiang Mai,2026-10-09 09:00:00,0.0
Chiang Mai,2026-10-09 10:00:00,0.0
Chiang Mai,2026-10-09 11:00:00,0.0
Chiang Mai,2026-10-09 12:00:00,0.0
Chiang Mai,2026-10-09 13:00:00,0.0
Chiang Mai,2026-10-09 14:00:00,0.0
Chiang Mai,2026-10-09 15:00:00,0.0
Chiang Mai,2026-10-09 16:00:00,0.0
Chiang Mai,2026-10-09 17:00:00,0.0
Chiang Mai,2026-10-09 18:00:00,0.0
Chiang Mai,2026-10-09 19:00:00,0.0
Chiang Mai,2026-10-09 20:00:00,0.0
Chiang Mai,2026-10-09 21:00:00,0.0
Chiang Mai,2026-10-09 22:00:00,0.0
Chiang Mai,2026-10-09 23:00:00,0.0
Chiang Mai,2026-10-10 00:00:00,0.0
Chiang Mai,2026-10-10 01:00:00,0.0
Chiang Mai,2026-10-10 02:00:00,0.0
Chiang Mai,2026-10-10 03:00:00,0.0
Chiang Mai,2026-10-10 04:00:00,0.0
Chiang Mai,2026-10-10 05:00:00,0.0
Chiang Mai,2026-10-10 06:00:00,0.0
Chiang Mai,2026-10-10 07:00:00,0.0
Chiang Mai,2026-10-10 08:00:00,0.0
Chiang Mai,2026-10-10 09:00:00,0.0
Chiang Mai,2026-10-10 10:00:00,0.0
Chiang Mai,2026-10-10 11:00:00,0.0
Chiang Mai,2026-10-10 12:00:00,0.0
Chiang Mai,2026-10-10 13:00:00,0.0
Chiang Mai,2026-10-10 14:00:00,0.0
Chiang Mai,2026-10-10 15:00:00,0.0
Chiang Mai,2026-10-10 16:00:00,0.0
Chiang Mai,2026-10-10 17:00:00,0.0
Chiang Mai,2026-10-10 18:00:00,0.0
Chiang Mai,2026-10-10 19:00:00,0.0
Chiang Mai,2026-10-10 20:00:00,0.0
Chiang Mai,2026-10-10 21:00:00,0.0
Chiang Mai,2026-10-10 22:00:00,0.0
Chiang Mai,2026-10-10 23:00:00,0.0
Chiang Rai,2026-10-04 12:00:00,0.0
Chiang Rai,2026-10-04 13:00:00,0.0
Chiang Rai,2026-10-04 14:00:00,0.0
Chiang Rai,2026-10-04 15:00:00,0.0
Chiang Rai,2026-10-04 16:00:00,0.0
Chiang Rai,2026-10-04 17:00:00,0.0
Chiang Rai,2026-10-04 18:00:00,0.0
Chiang Rai,2026-10-04 19:00:00,0.0
Chiang Rai,2026-10-04 20:00:00,0.0
Chiang Rai,2026-10-04 21:00:00,0.0
Chiang Rai,2026-10-04 22:00:00,0.0
Chiang Rai,2026-10-04 23:00:00,0.0
Chiang Rai,2026-10-05 00:00:00,0.0
Chiang Rai,2026-10-05 01:00:00,0.0
Chiang Rai,2026-10-05 02:00:00,0.0
Chiang Rai,2026-10-05 03:00:00,0.0
Chiang Rai,2026-10-05 04:00:00,0.0
Chiang Rai,2026-10-05 05:00:00,0.0
Chiang Rai,2026-10-05 06:00:00,0.0
Chiang Rai,2026-10-05 07:00:00,0.0
Chiang Rai,2026-10-05 08:00:00,0.0
Chiang Rai,2026-10-05 09:00:00,0.0
Chiang Rai,2026-10-05 10:00:00,0.0
Chiang Rai,2026-10-05 11:00:00,0.0
Chiang Rai,2026-10-05 12:00:00,0.0
Chiang Rai,2026-10-05 13:00:00,0.0
Chiang Rai,2026-10-05 14:00:00,0.0
Chiang Rai,2026-10-05 15:00:00,0.0
Chiang Rai,2026-10-05 16:00:00,0.0
Chiang Rai,2026-10-05 17:00:00,0.0
Chiang Rai,2026-10-05 18:00:00,0.0
Chiang Rai,2026-10-05 19:00:00,0.0
Chiang Rai,2026-10-05 20:00:00,0.0
Chiang Rai,2026-10-05 21:00:00,0.0
Chiang Rai,2026-10-05 22:00:00,0.0
Chiang Rai,2026-10-05 23:00:00,0.0
Chiang Rai,2026-10-06 00:00:00,0.0
Chiang Rai,2026-10-06 01:00:00,0.0
Chiang Rai,2026-10-06 02:00:00,0.0
Chiang Rai,2026-10-06 03:00:00,0.0
Chiang Rai,2026-10-06 04:00:00,0.0
Chiang Rai,2026-10-06 05:00:00,0.0
Chiang Rai,2026-10-06 06:00:00,0.0
Chiang Rai,2026-10-06 07:00:00,0.0
Chiang Rai,2026-10-06 08:00:00,0.0
Chiang Rai,2026-10-06 09:00:00,0.0
Chiang Rai,2026-10-06 10:00:00,0.0
Chiang Rai,2026-10-06 11:00:00,0.0
Chiang Rai,2026-10-06 12:00:00,0.0
Chiang Rai,2026-10-06 13:00:00,0.0
Chiang Rai,2026-10-06 14:00:00,0.0
Chiang Rai,2026-10-06 15:00:00,0.0
Chiang Rai,2026-10-06 16:00:00,0.0
Chiang Rai,2026-10-06 17:00:00,0.0
Chiang Rai,2026-10-06 18:00:00,0.0
Chiang Rai,2026-10-06 19:00:00,0.0
Chiang Rai,2026-10-06 20:00:00,0.0
Chiang Rai,2026-10-06 21:00:00,0.0
Chiang Rai,2026-10-06 22:00:00,0.0
Chiang Rai,2026-10-06 23:00:00,0.0
Chiang Rai,2026-10-07 00:00:00,0.0
Chiang Rai,2026-10-07 01:00:00,0.0
Chiang Rai,2026-10-07 02:00:00,0.0
Chiang Rai,2026-10-07 03:00:00,0.0
Chiang Rai,2026-10-07 04:00:00,0.0
Chiang Rai,2026-10-07 05:00:00,0.0
Chiang Rai,2026-10-07 06:00:00,0.0
Chiang Rai,2026-10-07 07:00:00,0.0
Chiang Rai,2026-10-07 08:00:00,0.0
Chiang Rai,2026-10-07 09:00:00,0.0
Chiang Rai,2026-10-07 10:00:00,0.0
Chiang Rai,2026-10-07 11:00:00,0.0
Chiang Rai,2026-10-07 12:00:00,0.0
Chiang Rai,2026-10-07 13:00:00,0.0
Chiang Rai,2026-10-07 14:00:00,0.0
Chiang Rai,2026-10-07 15:00:00,0.0
Chiang Rai,2026-10-07 16:00:00,0.0
Chiang Rai,2026-10-07 17:00:00,0.0
Chiang Rai,2026-10-07 18:00:00,0.0
Chiang Rai,2026-10-07 19:00:00,0.0
Chiang Rai,2026-10-07 20:00:00,0.0
Chiang Rai,2026-10-07 21:00:00,0.0
Chiang Rai,2026-10-07 22:00:00,0.0
Chiang Rai,2026-10-07 23:00:00,0.0
Chiang Rai,2026-10-08 00:00:00,0.0
Chiang Rai,2026-10-08 01:00:00,0.0
Chiang Rai,2026-10-08 02:00:00,0.0
Chiang Rai,2026-10-08 03:00:00,0.0
Chiang Rai,2026-10-08 04:00:00,0.0
Chiang Rai,2026-10-08 05:00:00,0.0
Chiang Rai,2026-10-08 06:00:00,0.0
Chiang Rai,2026-10-08 07:00:00,0.0
Chiang Rai,2026-10-08 08:00:00,0.0
Chiang Rai,2026-10-08 09:00:00,0.0
Chiang Rai,2026-10-08 10:00:00,0.0
Chiang Rai,2026-10-08 11:00:00,0.0
Chiang Rai,2026-10-08 12:00:00,0.0
Chiang Rai,2026-10-08 13:00:00,0.0
Chiang Rai,2026-10-08 14:00:00,0.0
Chiang Rai,2026-10-08 15:00:00,0.0
Chiang Rai,2026-10-08 16:00:00,0.0
Chiang Rai,2026-10-08 17:00:00,0.0
Chiang Rai,2026-10-08 18:00:00,0.0
Chiang Rai,2026-10-08 19:00:00,0.0
Chiang Rai,2026-10-08 20:00:00,0.0
Chiang Rai,2026-10-08 21:00:00,0.0
Chiang Rai,2026-10-08 22:00:00,0.0
Chiang Rai,2026-10-08 23:00:00,0.0
Chiang Rai,2026-10-09 00:00:00,0.0
Chiang Rai,2026-10-09 01:00:00,0.0
Chiang Rai,2026-10-09 02:00:00,0.0
Chiang Rai,2026-10-09 03:00:00,0.0
Chiang Rai,2026-10-09 04:00:00,0.0
Chiang Rai,2026-10-09 05:00:00,0.0
Chiang Rai,2026-10-09 06:00:00,0.0
Chiang Rai,2026-10-09 07:00:00,0.0
Chiang Rai,2026-10-09 08:00:00,0.0
Chiang Rai,2026-10-09 09:00:00,0.0
Chiang Rai,2026-10-09 10:00:00,0.0
Chiang Rai,2026-10-09 11:00:00,0.0
Chiang Rai,2026-10-09 12:00:00,0.0
Chiang Rai,2026-10-09 13:00:00,0.0
Chiang Rai,2026-10-09 14:00:00,0.0
Chiang Rai,2026-10-09 15:00:00,0.0
Chiang Rai,2026-10-09 16:00:00,0.0
Chiang Rai,2026-10-09 17:00:00,0.0
Chiang Rai,2026-10-09 18:00:00,0.0
Chiang Rai,2026-10-09 19:00:00,0.0
Chiang Rai,2026-10-09 20:00:00,0.0
Chiang Rai,2026-10-09 21:00:00,0.0
Chiang Rai,2026-10-09 22:00:00,0.0
Chiang Rai,2026-10-09 23:00:00,0.0
Chiang Rai,2026-10-10 00:00:00,0.0
Chiang Rai,2026-10-10 01:00:00,0.0
Chiang Rai,2026-10-10 02:00:00,0.0
Chiang Rai,2026-10-10 03:00:00,0.0
Chiang Rai,2026-10-10 04:00:00,0.0
Chiang Rai,2026-10-10 05:00:00,0.0
Chiang Rai,2026-10-10 06:00:00,0.0
Chiang Rai,2026-10-10 07:00:00,0.0
Chiang Rai,2026-10-10 08:00:00,0.0
Chiang Rai,2026-10-10 09:00:00,0.0
Chiang Rai,2026-10-10 10:00:00,0.0
Chiang Rai,2026-10-10 11:00:00,0.0
Chiang Rai,2026-10-10 12:00:00,0.0
Chiang Rai,2026-10-10 13:00:00,0.0
Chiang Rai,2026-10-10 14:00:00,0.0
Chiang Rai,2026-10-10 15:00:00,0.0
Chiang Rai,2026-10-10 16:00:00,0.0
Chiang Rai,2026-10-10 17:00:00,0.0
Chiang Rai,2026-10-10 18:00:00,0.0
Chiang Rai,2026-10-10 19:00:00,0.0
Chiang Rai,2026-10-10 20:00:00,0.0
Chiang Rai,2026-10-10 21:00:00,0.0
Chiang Rai,2026-10-10 22:00:00,0.0
Chiang Rai,2026-10-10 23:00:00,0.0
Lampang,2026-10-04 12:00:00,0.0
Lampang,2026-10-04 13:00:00,0.0
Lampang,2026-10-04 14:00:00,0.0
Lampang,2026-10-04 15:00:00,0.0
Lampang,2026-10-04 16:00:00,0.0
Lampang,2026-10-04 17:00:00,0.0
Lampang,2026-10-04 18:00:00,0.0
Lampang,2026-10-04 19:00:00,0.0
Lampang,2026-10-04 20:00:00,0.0
Lampang,2026-10-04 21:00:00,0.0
Lampang,2026-10-04 22:00:00,0.0
Lampang,2026-10-04 23:00:00,0.0
Lampang,2026-10-05 00:00:00,0.0
Lampang,2026-10-05 01:00:00,0.0
Lampang,2026-10-05 02:00:00,0.0
Lampang,2026-10-05 03:00:00,0.0
Lampang,2026-10-05 04:00:00,0.0
Lampang,2026-10-05 05:00:00,0.0
Lampang,2026-10-05 06:00:00,0.0
Lampang,2026-10-05 07:00:00,0.0
Lampang,2026-10-05 08:00:00,0.0
Lampang,2026-10-05 09:00:00,0.0
Lampang,2026-10-05 10:00:00,0.0
Lampang,2026-10-05 11:00:00,0.0
Lampang,2026-10-05 12:00:00,0.0
Lampang,2026-10-05 13:00:00,0.0
Lampang,2026-10-05 14:00:00,0.0
Lampang,2026-10-05 15:00:00,0.0
Lampang,2026-10-05 16:00:00,0.0
Lampang,2026-10-05 17:00:00,0.0
Lampang,2026-10-05 18:00:00,0.0
Lampang,2026-10-05 19:00:00,0.0
Lampang,2026-10-05 20:00:00,0.0
Lampang,2026-10-05 21:00:00,0.0
Lampang,2026-10-05 22:00:00,0.0
Lampang,2026-10-05 23:00:00,0.0
Lampang,2026-10-06 00:00:00,0.0
Lampang,2026-10-06 01:00:00,0.0
Lampang,2026-10-06 02:00:00,0.0
Lampang,2026-10-06 03:00:00,0.0
Lampang,2026-10-06 04:00:00,0.0
Lampang,2026-10-06 05:00:00,0.0
Lampang,2026-10-06 06:00:00,0.0
Lampang,2026-10-06 07:00:00,0.0
Lampang,2026-10-06 08:00:00,0.0
Lampang,2026-10-06 09:00:00,0.0
Lampang,2026-10-06 10:00:00,0.0
Lampang,2026-10-06 11:00:00,0.0
Lampang,2026-10-06 12:00:00,0.0
Lampang,2026-10-06 13:00:00,0.0
Lampang,2026-10-06 14:00:00,0.0
Lampang,2026-10-06 15:00:00,0.0
Lampang,2026-10-06 16:00:00,0.0
Lampang,2026-10-06 17:00:00,0.0
Lampang,2026-10-06 18:00:00,0.0
Lampang,2026-10-06 19:00:00,0.0
Lampang,2026-10-06 20:00:00,0.0
Lampang,2026-10-06 21:00:00,0.0
Lampang,2026-10-06 22:00:00,0.0
Lampang,2026-10-06 23:00:00,0.0
Lampang,2026-10-07 00:00:00,0.0
Lampang,2026-10-07 01:00:00,0.0
Lampang,2026-10-07 02:00:00,0.0
Lampang,2026-10-07 03:00:00,0.0
Lampang,2026-10-07 04:00:00,0.0
Lampang,2026-10-07 05:00:00,0.0
Lampang,2026-10-07 06:00:00,0.0
Lampang,2026-10-07 07:00:00,0.0
Lampang,2026-10-07 08:00:00,0.0
Lampang,2026-10-07 09:00:00,0.0
Lampang,2026-10-07 10:00:00,0.0
Lampang,2026-10-07 11:00:00,0.0
Lampang,2026-10-07 12:00:00,0.0
Lampang,2026-10-07 13:00:00,0.0
Lampang,2026-10-07 14:00:00,0.0
Lampang,2026-10-07 15:00:00,0.0
Lampang,2026-10-07 16:00:00,0.0
Lampang,2026-10-07 17:00:00,0.0
Lampang,2026-10-07 18:00:00,0.0
Lampang,2026-10-07 19:00:00,0.0
Lampang,2026-10-07 20:00:00,0.0
Lampang,2026-10-07 21:00:00,0.0
Lampang,2026-10-07 22:00:00,0.0
Lampang,2026-10-07 23:00:00,0.0
Lampang,2026-10-08 00:00:00,0.0
Lampang,2026-10-08 01:00:00,0.0
Lampang,2026-10-08 02:00:00,0.0
Lampang,2026-10-08 03:00:00,0.0
Lampang,2026-10-08 04:00:00,0.0
Lampang,2026-10-08 05:00:00,0.0
Lampang,2026-10-08 06:00:00,0.0
Lampang,2026-10-08 07:00:00,0.0
Lampang,2026-10-08 08:00:00,0.0
Lampang,2026-10-08 09:00:00,0.0
Lampang,2026-10-08 10:00:00,0.0
Lampang,2026-10-08 11:00:00,0.0
Lampang,2026-10-08 12:00:00,0.0
Lampang,2026-10-08 13:00:00,0.0
Lampang,2026-10-08 14:00:00,0.0
Lampang,2026-10-08 15:00:00,0.0
Lampang,2026-10-08 16:00:00,0.0
Lampang,2026-10-08 17:00:00,0.0
Lampang,2026-10-08 18:00:00,0.0
Lampang,2026-10-08 19:00:00,0.0
Lampang,2026-10-08 20:00:00,0.0
Lampang,2026-10-08 21:00:00,0.0
Lampang,2026-10-08 22:00:00,0.0
Lampang,2026-10-08 23:00:00,0.0
Lampang,2026-10-09 00:00:00,0.0
Lampang,2026-10-09 01:00:00,0.0
Lampang,2026-10-09 02:00:00,0.0
Lampang,2026-10-09 03:00:00,0.0
Lampang,2026-10-09 04:00:00,0.0
Lampang,2026-10-09 05:00:00,0.0
Lampang,2026-10-09 06:00:00,0.0
Lampang,2026-10-09 07:00:00,0.0
Lampang,2026-10-09 08:00:00,0.0
Lampang,2026-10-09 09:00:00,0.0
Lampang,2026-10-09 10:00:00,0.0
Lampang,2026-10-09 11:00:00,0.0
Lampang,2026-10-09 12:00:00,0.0
Lampang,2026-10-09 13:00:00,0.0
Lampang,2026-10-09 14:00:00,0.0
Lampang,2026-10-09 15:00:00,0.0
Lampang,2026-10-09 16:00:00,0.0
Lampang,2026-10-09 17:00:00,0.0
Lampang,2026-10-09 18:00:00,0.0
Lampang,2026-10-09 19:00:00,0.0
Lampang,2026-10-09 20:00:00,0.0
Lampang,2026-10-09 21:00:00,0.0
Lampang,2026-10-09 22:00:00,0.0
Lampang,2026-10-09 23:00:00,0.0
Lampang,2026-10-10 00:00:00,0.0
Lampang,2026-10-10 01:00:00,0.0
Lampang,2026-10-10 02:00:00,0.0
Lampang,2026-10-10 03:00:00,0.0
Lampang,2026-10-10 04:00:00,0.0
Lampang,2026-10-10 05:00:00,0.0
Lampang,2026-10-10 06:00:00,0.0
Lampang,2026-10-10 07:00:00,0.0
Lampang,2026-10-10 08:00:00,0.0
Lampang,2026-10-10 09:00:00,0.0
Lampang,2026-10-10 10:00:00,0.0
Lampang,2026-10-10 11:00:00,0.0
Lampang,2026-10-10 12:00:00,0.0
Lampang,2026-10-10 13:00:00,0.0
Lampang,2026-10-10 14:00:00,0.0
Lampang,2026-10-10 15:00:00,0.0
Lampang,2026-10-10 16:00:00,0.0
Lampang,2026-10-10 17:00:00,0.0
Lampang,2026-10-10 18:00:00,0.0
Lampang,2026-10-10 19:00:00,0.0
Lampang,2026-10-10 20:00:00,0.0
Lampang,2026-10-10 21:00:00,0.0
Lampang,2026-10-10 22:00:00,0.0
Lampang,2026-10-10 23:00:00,0.0
Lamphun,2026-10-04 12:00:00,0.0
Lamphun,2026-10-04 13:00:00,0.0
Lamphun,2026-10-04 14:00:00,0.0
Lamphun,2026-10-04 15:00:00,0.0
Lamphun,2026-10-04 16:00:00,0.0
Lamphun,2026-10-04 17:00:00,0.0
Lamphun,2026-10-04 18:00:00,0.0
Lamphun,2026-10-04 19:00:00,0.0
Lamphun,2026-10-04 20:00:00,0.0
Lamphun,2026-10-04 21:00:00,0.0
Lamphun,2026-10-04 22:00:00,0.0
Lamphun,2026-10-04 23:00:00,0.0
Lamphun,2026-10-05 00:00:00,0.0
Lamphun,2026-10-05 01:00:00,0.0
Lamphun,2026-10-05 02:00:00,0.0
Lamphun,2026-10-05 03:00:00,0.0
Lamphun,2026-10-05 04:00:00,0.0
Lamphun,2026-10-05 05:00:00,0.0
Lamphun,2026-10-05 06:00:00,0.0
Lamphun,2026-10-05 07:00:00,0.0
Lamphun,2026-10-05 08:00:00,0.0
Lamphun,2026-10-05 09:00:00,0.0
Lamphun,2026-10-05 10:00:00,0.0
Lamphun,2026-10-05 11:00:00,0.0
Lamphun,2026-10-05 12:00:00,0.0
Lamphun,2026-10-05 13:00:00,0.0
Lamphun,2026-10-05 14:00:00,0.0
Lamphun,2026-10-05 15:00:00,0.0
Lamphun,2026-10-05 16:00:00,0.0
Lamphun,2026-10-05 17:00:00,0.0
Lamphun,2026-10-05 18:00:00,0.0
Lamphun,2026-10-05 19:00:00,0.0
Lamphun,2026-10-05 20:00:00,0.0
Lamphun,2026-10-05 21:00:00,0.0
Lamphun,2026-10-05 22:00:00,0.0
Lamphun,2026-10-05 23:00:00,0.0
Lamphun,2026-10-06 00:00:00,0.0
Lamphun,2026-10-06 01:00:00,0.0
Lamphun,2026-10-06 02:00:00,0.0
Lamphun,2026-10-06 03:00:00,0.0
Lamphun,2026-10-06 04:00:00,0.0
Lamphun,2026-10-06 05:00:00,0.0
Lamphun,2026-10-06 06:00:00,0.0
Lamphun,2026-10-06 07:00:00,0.0
Lamphun,2026-10-06 08:00:00,0.0
Lamphun,2026-10-06 09:00:00,0.0
Lamphun,2026-10-06 10:00:00,0.0
Lamphun,2026-10-06 11:00:00,0.0
Lamphun,2026-10-06 12:00:00,0.0
Lamphun,2026-10-06 13:00:00,0.0
Lamphun,2026-10-06 14:00:00,0.0
Lamphun,2026-10-06 15:00:00,0.0
Lamphun,2026-10-06 16:00:00,0.0
Lamphun,2026-10-06 17:00:00,0.0
Lamphun,2026-10-06 18:00:00,0.0
Lamphun,2026-10-06 19:00:00,0.0
Lamphun,2026-10-06 20:00:00,0.0
Lamphun,2026-10-06 21:00:00,0.0
Lamphun,2026-10-06 22:00:00,0.0
Lamphun,2026-10-06 23:00:00,0.0
Lamphun,2026-10-07 00:00:00,0.0
Lamphun,2026-10-07 01:00:00,0.0
Lamphun,2026-10-07 02:00:00,0.0
Lamphun,2026-10-07 03:00:00,0.0
Lamphun,2026-10-07 04:00:00,0.0
Lamphun,2026-10-07 05:00:00,0.0
Lamphun,2026-10-07 06:00:00,0.0
Lamphun,2026-10-07 07:00:00,0.0
Lamphun,2026-10-07 08:00:00,0.0
Lamphun,2026-10-07 09:00:00,0.0
Lamphun,2026-10-07 10:00:00,0.0
Lamphun,2026-10-07 11:00:00,0.0
Lamphun,2026-10-07 12:00:00,0.0
Lamphun,2026-10-07 13:00:00,0.0
Lamphun,2026-10-07 14:00:00,0.0
Lamphun,2026-10-07 15:00:00,0.0
Lamphun,2026-10-07 16:00:00,0.0
Lamphun,2026-10-07 17:00:00,0.0
Lamphun,2026-10-07 18:00:00,0.0
Lamphun,2026-10-07 19:00:00,0.0
Lamphun,2026-10-07 20:00:00,0.0
Lamphun,2026-10-07 21:00:00,0.0
Lamphun,2026-10-07 22:00:00,0.0
Lamphun,2026-10-07 23:00:00,0.0
Lamphun,2026-10-08 00:00:00,0.0
Lamphun,2026-10-08 01:00:00,0.0
Lamphun,2026-10-08 02:00:00,0.0
Lamphun,2026-10-08 03:00:00,0.0
Lamphun,2026-10-08 04:00:00,0.0
Lamphun,2026-10-08 05:00:00,0.0
Lamphun,2026-10-08 06:00:00,0.0
Lamphun,2026-10-08 07:00:00,0.0
Lamphun,2026-10-08 08:00:00,0.0
Lamphun,2026-10-08 09:00:00,0.0
Lamphun,2026-10-08 10:00:00,0.0
Lamphun,2026-10-08 11:00:00,0.0
Lamphun,2026-10-08 12:00:00,0.0
Lamphun,2026-10-08 13:00:00,0.0
Lamphun,2026-10-08 14:00:00,0.0
Lamphun,2026-10-08 15:00:00,0.0
Lamphun,2026-10-08 16:00:00,0.0
Lamphun,2026-10-08 17:00:00,0.0
Lamphun,2026-10-08 18:00:00,0.0
Lamphun,2026-10-08 19:00:00,0.0
Lamphun,2026-10-08 20:00:00,0.0
Lamphun,2026-10-08 21:00:00,0.0
Lamphun,2026-10-08 22:00:00,0.0
Lamphun,2026-10-08 23:00:00,0.0
Lamphun,2026-10-09 00:00:00,0.0
Lamphun,2026-10-09 01:00:00,0.0
Lamphun,2026-10-09 02:00:00,0.0
Lamphun,2026-10-09 03:00:00,0.0
Lamphun,2026-10-09 04:00:00,0.0
Lamphun,2026-10-09 05:00:00,0.0
Lamphun,2026-10-09 06:00:00,0.0
Lamphun,2026-10-09 07:00:00,0.0
Lamphun,2026-10-09 08:00:00,0.0
Lamphun,2026-10-09 09:00:00,0.0
Lamphun,2026-10-09 10:00:00,0.0
Lamphun,2026-10-09 11:00:00,0.0
Lamphun,2026-10-09 12:00:00,0.0
Lamphun,2026-10-09 13:00:00,0.0
Lamphun,2026-10-09 14:00:00,0.0
Lamphun,2026-10-09 15:00:00,0.0
Lamphun,2026-10-09 16:00:00,0.0
Lamphun,2026-10-09 17:00:00,0.0
Lamphun,2026-10-09 18:00:00,0.0
Lamphun,2026-10-09 19:00:00,0.0
Lamphun,2026-10-09 20:00:00,0.0
Lamphun,2026-10-09 21:00:00,0.0
Lamphun,2026-10-09 22:00:00,0.0
Lamphun,2026-10-09 23:00:00,0.0
Lamphun,2026-10-10 00:00:00,0.0
Lamphun,2026-10-10 01:00:00,0.0
Lamphun,2026-10-10 02:00:00,0.0
Lamphun,2026-10-10 03:00:00,0.0
Lamphun,2026-10-10 04:00:00,0.0
Lamphun,2026-10-10 05:00:00,0.0
Lamphun,2026-10-10 06:00:00,0.0
Lamphun,2026-10-10 07:00:00,0.0
Lamphun,2026-10-10 08:00:00,0.0
Lamphun,2026-10-10 09:00:00,0.0
Lamphun,2026-10-10 10:00:00,0.0
Lamphun,2026-10-10 11:00:00,0.0
Lamphun,2026-10-10 12:00:00,0.0
Lamphun,2026-10-10 13:00:00,0.0
Lamphun,2026-10-10 14:00:00,0.0
Lamphun,2026-10-10 15:00:00,0.0
Lamphun,2026-10-10 16:00:00,0.0
Lamphun,2026-10-10 17:00:00,0.0
Lamphun,2026-10-10 18:00:00,0.0
Lamphun,2026-10-10 19:00:00,0.0
Lamphun,2026-10-10 20:00:00,0.0
Lamphun,2026-10-10 21:00:00,0.0
Lamphun,2026-10-10 22:00:00,0.0
Lamphun,2026-10-10 23:00:00,0.0
Mae Hong Son,2026-10-04 12:00:00,0.0
Mae Hong Son,2026-10-04 13:00:00,0.0
Mae Hong Son,2026-10-04 14:00:00,0.0
Mae Hong Son,2026-10-04 15:00:00,0.0
Mae Hong Son,2026-10-04 16:00:00,0.0
Mae Hong Son,2026-10-04 17:00:00,0.0
Mae Hong Son,2026-10-04 18:00:00,0.0
Mae Hong Son,2026-10-04 19:00:00,0.0
Mae Hong Son,2026-10-04 20:00:00,0.0
Mae Hong Son,2026-10-04 21:00:00,0.0
Mae Hong Son,2026-10-04 22:00:00,0.0
Mae Hong Son,2026-10-04 23:00:00,0.0
Mae Hong Son,2026-10-05 00:00:00,0.0
Mae Hong Son,2026-10-05 01:00:00,0.0
Mae Hong Son,2026-10-05 02:00:00,0.0
Mae Hong Son,2026-10-05 03:00:00,0.0
Mae Hong Son,2026-10-05 04:00:00,0.0
Mae Hong Son,2026-10-05 05:00:00,0.0
Mae Hong Son,2026-10-05 06:00:00,0.0
Mae Hong Son,2026-10-05 07:00:00,0.0
Mae Hong Son,2026-10-05 08:00:00,0.0
Mae Hong Son,2026-10-05 09:00:00,0.0
Mae Hong Son,2026-10-05 10:00:00,0.0
Mae Hong Son,2026-10-05 11:00:00,0.0
Mae Hong Son,2026-10-05 12:00:00,0.0
Mae Hong Son,2026-10-05 13:00:00,0.0
Mae Hong Son,2026-10-05 14:00:00,0.0
Mae Hong Son,2026-10-05 15:00:00,0.0
Mae Hong Son,2026-10-05 16:00:00,0.0
Mae Hong Son,2026-10-05 17:00:00,0.0
Mae Hong Son,2026-10-05 18:00:00,0.0
Mae Hong Son,2026-10-05 19:00:00,0.0
Mae Hong Son,2026-10-05 20:00:00,0.0
Mae Hong Son,2026-10-05 21:00:00,0.0
Mae Hong Son,2026-10-05 22:00:00,0.0
Mae Hong Son,2026-10-05 23:00:00,0.0
Mae Hong Son,2026-10-06 00:00:00,0.0
Mae Hong Son,2026-10-06 01:00:00,0.0
Mae Hong Son,2026-10-06 02:00:00,0.0
Mae Hong Son,2026-10-06 03:00:00,0.0
Mae Hong Son,2026-10-06 04:00:00,0.0
Mae Hong Son,2026-10-06 05:00:00,0.0
Mae Hong Son,2026-10-06 06:00:00,0.0
Mae Hong Son,2026-10-06 07:00:00,0.0
Mae Hong Son,2026-10-06 08:00:00,0.0
Mae Hong Son,2026-10-06 09:00:00,0.0
Mae Hong Son,2026-10-06 10:00:00,0.0
Mae Hong Son,2026-10-06 11:00:00,0.0
Mae Hong Son,2026-10-06 12:00:00,0.0
Mae Hong Son,2026-10-06 13:00:00,0.0
Mae Hong Son,2026-10-06 14:00:00,0.0
Mae Hong Son,2026-10-06 15:00:00,0.0
Mae Hong Son,2026-10-06 16:00:00,0.0
Mae Hong Son,2026-10-06 17:00:00,0.0
Mae Hong Son,2026-10-06 18:00:00,0.0
Mae Hong Son,2026-10-06 19:00:00,0.0
Mae Hong Son,2026-10-06 20:00:00,0.0
Mae Hong Son,2026-10-06 21:00:00,0.0
Mae Hong Son,2026-10-06 22:00:00,0.0
Mae Hong Son,2026-10-06 23:00:00,0.0
Mae Hong Son,2026-10-07 00:00:00,0.0
Mae Hong Son,2026-10-07 01:00:00,0.0
Mae Hong Son,2026-10-07 02:00:00,0.0
Mae Hong Son,2026-10-07 03:00:00,0.0
Mae Hong Son,2026-10-07 04:00:00,0.0
Mae Hong Son,2026-10-07 05:00:00,0.0
Mae Hong Son,2026-10-07 06:00:00,0.0
Mae Hong Son,2026-10-07 07:00:00,0.0
Mae Hong Son,2026-10-07 08:00:00,0.0
Mae Hong Son,2026-10-07 09:00:00,0.0
Mae Hong Son,2026-10-07 10:00:00,0.0
Mae Hong Son,2026-10-07 11:00:00,0.0
Mae Hong Son,2026-10-07 12:00:00,0.0
Mae Hong Son,2026-10-07 13:00:00,0.0
Mae Hong Son,2026-10-07 14:00:00,0.0
Mae Hong Son,2026-10-07 15:00:00,0.0
Mae Hong Son,2026-10-07 16:00:00,0.0
Mae Hong Son,2026-10-07 17:00:00,0.0
Mae Hong Son,2026-10-07 18:00:00,0.0
Mae Hong Son,2026-10-07 19:00:00,0.0
Mae Hong Son,2026-10-07 20:00:00,0.0
Mae Hong Son,2026-10-07 21:00:00,0.0
Mae Hong Son,2026-10-07 22:00:00,0.0
Mae Hong Son,2026-10-07 23:00:00,0.0
Mae Hong Son,2026-10-08 00:00:00,0.0
Mae Hong Son,2026-10-08 01:00:00,0.0
Mae Hong Son,2026-10-08 02:00:00,0.0
Mae Hong Son,2026-10-08 03:00:00,0.0
Mae Hong Son,2026-10-08 04:00:00,0.0
Mae Hong Son,2026-10-08 05:00:00,0.0
Mae Hong Son,2026-10-08 06:00:00,0.0
Mae Hong Son,2026-10-08 07:00:00,0.0
Mae Hong Son,2026-10-08 08:00:00,0.0
Mae Hong Son,2026-10-08 09:00:00,0.0
Mae Hong Son,2026-10-08 10:00:00,0.0
Mae Hong Son,2026-10-08 11:00:00,0.0
Mae Hong Son,2026-10-08 12:00:00,0.0
Mae Hong Son,2026-10-08 13:00:00,0.0
Mae Hong Son,2026-10-08 14:00:00,0.0
Mae Hong Son,2026-10-08 15:00:00,0.0
Mae Hong Son,2026-10-08 16:00:00,0.0
Mae Hong Son,2026-10-08 17:00:00,0.0
Mae Hong Son,2026-10-08 18:00:00,0.0
Mae Hong Son,2026-10-08 19:00:00,0.0
Mae Hong Son,2026-10-08 20:00:00,0.0
Mae Hong Son,2026-10-08 21:00:00,0.0
Mae Hong Son,2026-10-08 22:00:00,0.0
Mae Hong Son,2026-10-08 23:00:00,0.0
Mae Hong Son,2026-10-09 00:00:00,0.0
Mae Hong Son,2026-10-09 01:00:00,0.0
Mae Hong Son,2026-10-09 02:00:00,0.0
Mae Hong Son,2026-10-09 03:00:00,0.0
Mae Hong Son,2026-10-09 04:00:00,0.0
Mae Hong Son,2026-10-09 05:00:00,0.0
Mae Hong Son,2026-10-09 06:00:00,0.0
Mae Hong Son,2026-10-09 07:00:00,0.0
Mae Hong Son,2026-10-09 08:00:00,0.0
Mae Hong Son,2026-10-09 09:00:00,0.0
Mae Hong Son,2026-10-09 10:00:00,0.0
Mae Hong Son,2026-10-09 11:00:00,0.0
Mae Hong Son,2026-10-09 12:00:00,0.0
Mae Hong Son,2026-10-09 13:00:00,0.0
Mae Hong Son,2026-10-09 14:00:00,0.0
Mae Hong Son,2026-10-09 15:00:00,0.0
Mae Hong Son,2026-10-09 16:00:00,0.0
Mae Hong Son,2026-10-09 17:00:00,0.0
Mae Hong Son,2026-10-09 18:00:00,0.0
Mae Hong Son,2026-10-09 19:00:00,0.0
Mae Hong Son,2026-10-09 20:00:00,0.0
Mae Hong Son,2026-10-09 21:00:00,0.0
Mae Hong Son,2026-10-09 22:00:00,0.0
Mae Hong Son,2026-10-09 23:00:00,0.0
Mae Hong Son,2026-10-10 00:00:00,0.0
Mae Hong Son,2026-10-10 01:00:00,0.0
Mae Hong Son,2026-10-10 02:00:00,0.0
Mae Hong Son,2026-10-10 03:00:00,0.0
Mae Hong Son,2026-10-10 04:00:00,0.0
Mae Hong Son,2026-10-10 05:00:00,0.0
Mae Hong Son,2026-10-10 06:00:00,0.0
Mae Hong Son,2026-10-10 07:00:00,0.0
Mae Hong Son,2026-10-10 08:00:00,0.0
Mae Hong Son,2026-10-10 09:00:00,0.0
Mae Hong Son,2026-10-10 10:00:00,0.0
Mae Hong Son,2026-10-10 11:00:00,0.0
Mae Hong Son,2026-10-10 12:00:00,0.0
Mae Hong Son,2026-10-10 13:00:00,0.0
Mae Hong Son,2026-10-10 14:00:00,0.0
Mae Hong Son,2026-10-10 15:00:00,0.0
Mae Hong Son,2026-10-10 16:00:00,0.0
Mae Hong Son,2026-10-10 17:00:00,0.0
Mae Hong Son,2026-10-10 18:00:00,0.0
Mae Hong Son,2026-10-10 19:00:00,0.0
Mae Hong Son,2026-10-10 20:00:00,0.0
Mae Hong Son,2026-10-10 21:00:00,0.0
Mae Hong Son,2026-10-10 22:00:00,0.0
Mae Hong Son,2026-10-10 23:00:00,0.0
Nan,2026-10-04 12:00:00,0.0
Nan,2026-10-04 13:00:00,0.0
Nan,2026-10-04 14:00:00,0.0
Nan,2026-10-04 15:00:00,0.0
Nan,2026-10-04 16:00:00,0.0
Nan,2026-10-04 17:00:00,0.0
Nan,2026-10-04 18:00:00,0.0
Nan,2026-10-04 19:00:00,0.0
Nan,2026-10-04 20:00:00,0.0
Nan,2026-10-04 21:00:00,0.0
Nan,2026-10-04 22:00:00,0.0
Nan,2026-10-04 23:00:00,0.0
Nan,2026-10-05 00:00:00,0.0
Nan,2026-10-05 01:00:00,0.0
Nan,2026-10-05 02:00:00,0.0
Nan,2026-10-05 03:00:00,0.0
Nan,2026-10-05 04:00:00,0.0
Nan,2026-10-05 05:00:00,0.0
Nan,2026-10-05 06:00:00,0.0
Nan,2026-10-05 07:00:00,0.0
Nan,2026-10-05 08:00:00,0.0
Nan,2026-10-05 09:00:00,0.0
Nan,2026-10-05 10:00:00,0.0
Nan,2026-10-05 11:00:00,0.0
Nan,2026-10-05 12:00:00,0.0
Nan,2026-10-05 13:00:00,0.0
Nan,2026-10-05 14:00:00,0.0
Nan,2026-10-05 15:00:00,0.0
Nan,2026-10-05 16:00:00,0.0
Nan,2026-10-05 17:00:00,0.0
Nan,2026-10-05 18:00:00,0.0
Nan,2026-10-05 19:00:00,0.0
Nan,2026-10-05 20:00:00,0.0
Nan,2026-10-05 21:00:00,0.0
Nan,2026-10-05 22:00:00,0.0
Nan,2026-10-05 23:00:00,0.0
Nan,2026-10-06 00:00:00,0.0
Nan,2026-10-06 01:00:00,0.0
Nan,2026-10-06 02:00:00,0.0
Nan,2026-10-06 03:00:00,0.0
Nan,2026-10-06 04:00:00,0.0
Nan,2026-10-06 05:00:00,0.0
Nan,2026-10-06 06:00:00,0.0
Nan,2026-10-06 07:00:00,0.0
Nan,2026-10-06 08:00:00,0.0
Nan,2026-10-06 09:00:00,0.0
Nan,2026-10-06 10:00:00,0.0
Nan,2026-10-06 11:00:00,0.0
Nan,2026-10-06 12:00:00,0.0
Nan,2026-10-06 13:00:00,0.0
Nan,2026-10-06 14:00:00,0.0
Nan,2026-10-06 15:00:00,0.0
Nan,2026-10-06 16:00:00,0.0
Nan,2026-10-06 17:00:00,0.0
Nan,2026-10-06 18:00:00,0.0
Nan,2026-10-06 19:00:00,0.0
Nan,2026-10-06 20:00:00,0.0
Nan,2026-10-06 21:00:00,0.0
Nan,2026-10-06 22:00:00,0.0
Nan,2026-10-06 23:00:00,0.0
Nan,2026-10-07 00:00:00,0.0
Nan,2026-10-07 01:00:00,0.0
Nan,2026-10-07 02:00:00,0.0
Nan,2026-10-07 03:00:00,0.0
Nan,2026-10-07 04:00:00,0.0
Nan,2026-10-07 05:00:00,0.0
Nan,2026-10-07 06:00:00,0.0
Nan,2026-10-07 07:00:00,0.0
Nan,2026-10-07 08:00:00,0.0
Nan,2026-10-07 09:00:00,0.0
Nan,2026-10-07 10:00:00,0.0
Nan,2026-10-07 11:00:00,0.0
Nan,2026-10-07 12:00:00,0.0
Nan,2026-10-07 13:00:00,0.0
Nan,2026-10-07 14:00:00,0.0
Nan,2026-10-07 15:00:00,0.0
Nan,2026-10-07 16:00:00,0.0
Nan,2026-10-07 17:00:00,0.0
Nan,2026-10-07 18:00:00,0.0
Nan,2026-10-07 19:00:00,0.0
Nan,2026-10-07 20:00:00,0.0
Nan,2026-10-07 21:00:00,0.0
Nan,2026-10-07 22:00:00,0.0
Nan,2026-10-07 23:00:00,0.0
Nan,2026-10-08 00:00:00,0.0
Nan,2026-10-08 01:00:00,0.0
Nan,2026-10-08 02:00:00,0.0
Nan,2026-10-08 03:00:00,0.0
Nan,2026-10-08 04:00:00,0.0
Nan,2026-10-08 05:00:00,0.0
Nan,2026-10-08 06:00:00,0.0
Nan,2026-10-08 07:00:00,0.0
Nan,2026-10-08 08:00:00,0.0
Nan,2026-10-08 09:00:00,0.0
Nan,2026-10-08 10:00:00,0.0
Nan,2026-10-08 11:00:00,0.0
Nan,2026-10-08 12:00:00,0.0
Nan,2026-10-08 13:00:00,0.0
Nan,2026-10-08 14:00:00,0.0
Nan,2026-10-08 15:00:00,0.0
Nan,2026-10-08 16:00:00,0.0
Nan,2026-10-08 17:00:00,0.0
Nan,2026-10-08 18:00:00,0.0
Nan,2026-10-08 19:00:00,0.0
Nan,2026-10-08 20:00:00,0.0
Nan,2026-10-08 21:00:00,0.0
Nan,2026-10-08 22:00:00,0.0
Nan,2026-10-08 23:00:00,0.0
Nan,2026-10-09 00:00:00,0.0
Nan,2026-10-09 01:00:00,0.0
Nan,2026-10-09 02:00:00,0.0
Nan,2026-10-09 03:00:00,0.0
Nan,2026-10-09 04:00:00,0.0
Nan,2026-10-09 05:00:00,0.0
Nan,2026-10-09 06:00:00,0.0
Nan,2026-10-09 07:00:00,0.0
Nan,2026-10-09 08:00:00,0.0
Nan,2026-10-09 09:00:00,0.0
Nan,2026-10-09 10:00:00,0.0
Nan,2026-10-09 11:00:00,0.0
Nan,2026-10-09 12:00:00,0.0
Nan,2026-10-09 13:00:00,0.0
Nan,2026-10-09 14:00:00,0.0
Nan,2026-10-09 15:00:00,0.0
Nan,2026-10-09 16:00:00,0.0
Nan,2026-10-09 17:00:00,0.0
Nan,2026-10-09 18:00:00,0.0
Nan,2026-10-09 19:00:00,0.0
Nan,2026-10-09 20:00:00,0.0
Nan,2026-10-09 21:00:00,0.0
Nan,2026-10-09 22:00:00,0.0
Nan,2026-10-09 23:00:00,0.0
Nan,2026-10-10 00:00:00,0.0
Nan,2026-10-10 01:00:00,0.0
Nan,2026-10-10 02:00:00,0.0
Nan,2026-10-10 03:00:00,0.0
Nan,2026-10-10 04:00:00,0.0
Nan,2026-10-10 05:00:00,0.0
Nan,2026-10-10 06:00:00,0.0
Nan,2026-10-10 07:00:00,0.0
Nan,2026-10-10 08:00:00,0.0
Nan,2026-10-10 09:00:00,0.0
Nan,2026-10-10 10:00:00,0.0
Nan,2026-10-10 11:00:00,0.0
Nan,2026-10-10 12:00:00,0.0
Nan,2026-10-10 13:00:00,0.0
Nan,2026-10-10 14:00:00,0.0
Nan,2026-10-10 15:00:00,0.0
Nan,2026-10-10 16:00:00,0.0
Nan,2026-10-10 17:00:00,0.0
Nan,2026-10-10 18:00:00,0.0
Nan,2026-10-10 19:00:00,0.0
Nan,2026-10-10 20:00:00,0.0
Nan,2026-10-10 21:00:00,0.0
Nan,2026-10-10 22:00:00,0.0
Nan,2026-10-10 23:00:00,0.0
Phayao,2026-10-04 12:00:00,0.0
Phayao,2026-10-04 13:00:00,0.0
Phayao,2026-10-04 14:00:00,0.0
Phayao,2026-10-04 15:00:00,0.0
Phayao,2026-10-04 16:00:00,0.0
Phayao,2026-10-04 17:00:00,0.0
Phayao,2026-10-04 18:00:00,0.0
Phayao,2026-10-04 19:00:00,0.0
Phayao,2026-10-04 20:00:00,0.0
Phayao,2026-10-04 21:00:00,0.0
Phayao,2026-10-04 22:00:00,0.0
Phayao,2026-10-04 23:00:00,0.0
Phayao,2026-10-05 00:00:00,0.0
Phayao,2026-10-05 01:00:00,0.0
Phayao,2026-10-05 02:00:00,0.0
Phayao,2026-10-05 03:00:00,0.0
Phayao,2026-10-05 04:00:00,0.0
Phayao,2026-10-05 05:00:00,0.0
Phayao,2026-10-05 06:00:00,0.0
Phayao,2026-10-05 07:00:00,0.0
Phayao,2026-10-05 08:00:00,0.0
Phayao,2026-10-05 09:00:00,0.0
Phayao,2026-10-05 10:00:00,0.0
Phayao,2026-10-05 11:00:00,0.0
Phayao,2026-10-05 12:00:00,0.0
Phayao,2026-10-05 13:00:00,0.0
Phayao,2026-10-05 14:00:00,0.0
Phayao,2026-10-05 15:00:00,0.0
Phayao,2026-10-05 16:00:00,0.0
Phayao,2026-10-05 17:00:00,0.0
Phayao,2026-10-05 18:00:00,0.0
Phayao,2026-10-05 19:00:00,0.0
Phayao,2026-10-05 20:00:00,0.0
Phayao,2026-10-05 21:00:00,0.0
Phayao,2026-10-05 22:00:00,0.0
Phayao,2026-10-05 23:00:00,0.0
Phayao,2026-10-06 00:00:00,0.0
Phayao,2026-10-06 01:00:00,0.0
Phayao,2026-10-06 02:00:00,0.0
Phayao,2026-10-06 03:00:00,0.0
Phayao,2026-10-06 04:00:00,0.0
Phayao,2026-10-06 05:00:00,0.0
Phayao,2026-10-06 06:00:00,0.0
Phayao,2026-10-06 07:00:00,0.0
Phayao,2026-10-06 08:00:00,0.0
Phayao,2026-10-06 09:00:00,0.0
Phayao,2026-10-06 10:00:00,0.0
Phayao,2026-10-06 11:00:00,0.0
Phayao,2026-10-06 12:00:00,0.0
Phayao,2026-10-06 13:00:00,0.0
Phayao,2026-10-06 14:00:00,0.0
Phayao,2026-10-06 15:00:00,0.0
Phayao,2026-10-06 16:00:00,0.0
Phayao,2026-10-06 17:00:00,0.0
Phayao,2026-10-06 18:00:00,0.0
Phayao,2026-10-06 19:00:00,0.0
Phayao,2026-10-06 20:00:00,0.0
Phayao,2026-10-06 21:00:00,0.0
Phayao,2026-10-06 22:00:00,0.0
Phayao,2026-10-06 23:00:00,0.0
Phayao,2026-10-07 00:00:00,0.0
Phayao,2026-10-07 01:00:00,0.0
Phayao,2026-10-07 02:00:00,0.0
Phayao,2026-10-07 03:00:00,0.0
Phayao,2026-10-07 04:00:00,0.0
Phayao,2026-10-07 05:00:00,0.0
Phayao,2026-10-07 06:00:00,0.0
Phayao,2026-10-07 07:00:00,0.0
Phayao,2026-10-07 08:00:00,0.0
Phayao,2026-10-07 09:00:00,0.0
Phayao,2026-10-07 10:00:00,0.0
Phayao,2026-10-07 11:00:00,0.0
Phayao,2026-10-07 12:00:00,0.0
Phayao,2026-10-07 13:00:00,0.0
Phayao,2026-10-07 14:00:00,0.0
Phayao,2026-10-07 15:00:00,0.0
Phayao,2026-10-07 16:00:00,0.0
Phayao,2026-10-07 17:00:00,0.0
Phayao,2026-10-07 18:00:00,0.0
Phayao,2026-10-07 19:00:00,0.0
Phayao,2026-10-07 20:00:00,0.0
Phayao,2026-10-07 21:00:00,0.0
Phayao,2026-10-07 22:00:00,0.0
Phayao,2026-10-07 23:00:00,0.0
Phayao,2026-10-08 00:00:00,0.0
Phayao,2026-10-08 01:00:00,0.0
Phayao,2026-10-08 02:00:00,0.0
Phayao,2026-10-08 03:00:00,0.0
Phayao,2026-10-08 04:00:00,0.0
Phayao,2026-10-08 05:00:00,0.0
Phayao,2026-10-08 06:00:00,0.0
Phayao,2026-10-08 07:00:00,0.0
Phayao,2026-10-08 08:00:00,0.0
Phayao,2026-10-08 09:00:00,0.0
Phayao,2026-10-08 10:00:00,0.0
Phayao,2026-10-08 11:00:00,0.0
Phayao,2026-10-08 12:00:00,0.0
Phayao,2026-10-08 13:00:00,0.0
Phayao,2026-10-08 14:00:00,0.0
Phayao,2026-10-08 15:00:00,0.0
Phayao,2026-10-08 16:00:00,0.0
Phayao,2026-10-08 17:00:00,0.0
Phayao,2026-10-08 18:00:00,0.0
Phayao,2026-10-08 19:00:00,0.0
Phayao,2026-10-08 20:00:00,0.0
Phayao,2026-10-08 21:00:00,0.0
Phayao,2026-10-08 22:00:00,0.0
Phayao,2026-10-08 23:00:00,0.0
Phayao,2026-10-09 00:00:00,0.0
Phayao,2026-10-09 01:00:00,0.0
Phayao,2026-10-09 02:00:00,0.0
Phayao,2026-10-09 03:00:00,0.0
Phayao,2026-10-09 04:00:00,0.0
Phayao,2026-10-09 05:00:00,0.0
Phayao,2026-10-09 06:00:00,0.0
Phayao,2026-10-09 07:00:00,0.0
Phayao,2026-10-09 08:00:00,0.0
Phayao,2026-10-09 09:00:00,0.0
Phayao,2026-10-09 10:00:00,0.0
Phayao,2026-10-09 11:00:00,0.0
Phayao,2026-10-09 12:00:00,0.0
Phayao,2026-10-09 13:00:00,0.0
Phayao,2026-10-09 14:00:00,0.0
Phayao,2026-10-09 15:00:00,0.0
Phayao,2026-10-09 16:00:00,0.0
Phayao,2026-10-09 17:00:00,0.0
Phayao,2026-10-09 18:00:00,0.0
Phayao,2026-10-09 19:00:00,0.0
Phayao,2026-10-09 20:00:00,0.0
Phayao,2026-10-09 21:00:00,0.0
Phayao,2026-10-09 22:00:00,0.0
Phayao,2026-10-09 23:00:00,0.0
Phayao,2026-10-10 00:00:00,0.0
Phayao,2026-10-10 01:00:00,0.0
Phayao,2026-10-10 02:00:00,0.0
Phayao,2026-10-10 03:00:00,0.0
Phayao,2026-10-10 04:00:00,0.0
Phayao,2026-10-10 05:00:00,0.0
Phayao,2026-10-10 06:00:00,0.0
Phayao,2026-10-10 07:00:00,0.0
Phayao,2026-10-10 08:00:00,0.0
Phayao,2026-10-10 09:00:00,0.0
Phayao,2026-10-10 10:00:00,0.0
Phayao,2026-10-10 11:00:00,0.0
Phayao,2026-10-10 12:00:00,0.0
Phayao,2026-10-10 13:00:00,0.0
Phayao,2026-10-10 14:00:00,0.0
Phayao,2026-10-10 15:00:00,0.0
Phayao,2026-10-10 16:00:00,0.0
Phayao,2026-10-10 17:00:00,0.0
Phayao,2026-10-10 18:00:00,0.0
Phayao,2026-10-10 19:00:00,0.0
Phayao,2026-10-10 20:00:00,0.0
Phayao,2026-10-10 21:00:00,0.0
Phayao,2026-10-10 22:00:00,0.0
Phayao,2026-10-10 23:00:00,0.0
Phrae,2026-10-04 12:00:00,0.0
Phrae,2026-10-04 13:00:00,0.0
Phrae,2026-10-04 14:00:00,0.0
Phrae,2026-10-04 15:00:00,0.0
Phrae,2026-10-04 16:00:00,0.0
Phrae,2026-10-04 17:00:00,0.0
Phrae,2026-10-04 18:00:00,0.0
Phrae,2026-10-04 19:00:00,0.0
Phrae,2026-10-04 20:00:00,0.0
Phrae,2026-10-04 21:00:00,0.0
Phrae,2026-10-04 22:00:00,0.0
Phrae,2026-10-04 23:00:00,0.0
Phrae,2026-10-05 00:00:00,0.0
Phrae,2026-10-05 01:00:00,0.0
Phrae,2026-10-05 02:00:00,0.0
Phrae,2026-10-05 03:00:00,0.0
Phrae,2026-10-05 04:00:00,0.0
Phrae,2026-10-05 05:00:00,0.0
Phrae,2026-10-05 06:00:00,0.0
Phrae,2026-10-05 07:00:00,0.0
Phrae,2026-10-05 08:00:00,0.0
Phrae,2026-10-05 09:00:00,0.0
Phrae,2026-10-05 10:00:00,0.0
Phrae,2026-10-05 11:00:00,0.0
Phrae,2026-10-05 12:00:00,0.0
Phrae,2026-10-05 13:00:00,0.0
Phrae,2026-10-05 14:00:00,0.0
Phrae,2026-10-05 15:00:00,0.0
Phrae,2026-10-05 16:00:00,0.0
Phrae,2026-10-05 17:00:00,0.0
Phrae,2026-10-05 18:00:00,0.0
Phrae,2026-10-05 19:00:00,0.0
Phrae,2026-10-05 20:00:00,0.0
Phrae,2026-10-05 21:00:00,0.0
Phrae,2026-10-05 22:00:00,0.0
Phrae,2026-10-05 23:00:00,0.0
Phrae,2026-10-06 00:00:00,0.0
Phrae,2026-10-06 01:00:00,0.0
Phrae,2026-10-06 02:00:00,0.0
Phrae,2026-10-06 03:00:00,0.0
Phrae,2026-10-06 04:00:00,0.0
Phrae,2026-10-06 05:00:00,0.0
Phrae,2026-10-06 06:00:00,0.0
Phrae,2026-10-06 07:00:00,0.0
Phrae,2026-10-06 08:00:00,0.0
Phrae,2026-10-06 09:00:00,0.0
Phrae,2026-10-06 10:00:00,0.0
Phrae,2026-10-06 11:00:00,0.0
Phrae,2026-10-06 12:00:00,0.0
Phrae,2026-10-06 13:00:00,0.0
Phrae,2026-10-06 14:00:00,0.0
Phrae,2026-10-06 15:00:00,0.0
Phrae,2026-10-06 16:00:00,0.0
Phrae,2026-10-06 17:00:00,0.0
Phrae,2026-10-06 18:00:00,0.0
Phrae,2026-10-06 19:00:00,0.0
Phrae,2026-10-06 20:00:00,0.0
Phrae,2026-10-06 21:00:00,0.0
Phrae,2026-10-06 22:00:00,0.0
Phrae,2026-10-06 23:00:00,0.0
Phrae,2026-10-07 00:00:00,0.0
Phrae,2026-10-07 01:00:00,0.0
Phrae,2026-10-07 02:00:00,0.0
Phrae,2026-10-07 03:00:00,0.0
Phrae,2026-10-07 04:00:00,0.0
Phrae,2026-10-07 05:00:00,0.0
Phrae,2026-10-07 06:00:00,0.0
Phrae,2026-10-07 07:00:00,0.0
Phrae,2026-10-07 08:00:00,0.0
Phrae,2026-10-07 09:00:00,0.0
Phrae,2026-10-07 10:00:00,0.0
Phrae,2026-10-07 11:00:00,0.0
Phrae,2026-10-07 12:00:00,0.0
Phrae,2026-10-07 13:00:00,0.0
Phrae,2026-10-07 14:00:00,0.0
Phrae,2026-10-07 15:00:00,0.0
Phrae,2026-10-07 16:00:00,0.0
Phrae,2026-10-07 17:00:00,0.0
Phrae,2026-10-07 18:00:00,0.0
Phrae,2026-10-07 19:00:00,0.0
Phrae,2026-10-07 20:00:00,0.0
Phrae,2026-10-07 21:00:00,0.0
Phrae,2026-10-07 22:00:00,0.0
Phrae,2026-10-07 23:00:00,0.0
Phrae,2026-10-08 00:00:00,0.0
Phrae,2026-10-08 01:00:00,0.0
Phrae,2026-10-08 02:00:00,0.0
Phrae,2026-10-08 03:00:00,0.0
Phrae,2026-10-08 04:00:00,0.0
Phrae,2026-10-08 05:00:00,0.0
Phrae,2026-10-08 06:00:00,0.0
Phrae,2026-10-08 07:00:00,0.0
Phrae,2026-10-08 08:00:00,0.0
Phrae,2026-10-08 09:00:00,0.0
Phrae,2026-10-08 10:00:00,0.0
Phrae,2026-10-08 11:00:00,0.0
Phrae,2026-10-08 12:00:00,0.0
Phrae,2026-10-08 13:00:00,0.0
Phrae,2026-10-08 14:00:00,0.0
Phrae,2026-10-08 15:00:00,0.0
Phrae,2026-10-08 16:00:00,0.0
Phrae,2026-10-08 17:00:00,0.0
Phrae,2026-10-08 18:00:00,0.0
Phrae,2026-10-08 19:00:00,0.0
Phrae,2026-10-08 20:00:00,0.0
Phrae,2026-10-08 21:00:00,0.0
Phrae,2026-10-08 22:00:00,0.0
Phrae,2026-10-08 23:00:00,0.0
Phrae,2026-10-09 00:00:00,0.0
Phrae,2026-10-09 01:00:00,0.0
Phrae,2026-10-09 02:00:00,0.0
Phrae,2026-10-09 03:00:00,0.0
Phrae,2026-10-09 04:00:00,0.0
Phrae,2026-10-09 05:00:00,0.0
Phrae,2026-10-09 06:00:00,0.0
Phrae,2026-10-09 07:00:00,0.0
Phrae,2026-10-09 08:00:00,0.0
Phrae,2026-10-09 09:00:00,0.0
Phrae,2026-10-09 10:00:00,0.0
Phrae,2026-10-09 11:00:00,0.0
Phrae,2026-10-09 12:00:00,0.0
Phrae,2026-10-09 13:00:00,0.0
Phrae,2026-10-09 14:00:00,0.0
Phrae,2026-10-09 15:00:00,0.0
Phrae,2026-10-09 16:00:00,0.0
Phrae,2026-10-09 17:00:00,0.0
Phrae,2026-10-09 18:00:00,0.0
Phrae,2026-10-09 19:00:00,0.0
Phrae,2026-10-09 20:00:00,0.0
Phrae,2026-10-09 21:00:00,0.0
Phrae,2026-10-09 22:00:00,0.0
Phrae,2026-10-09 23:00:00,0.0
Phrae,2026-10-10 00:00:00,0.0
Phrae,2026-10-10 01:00:00,0.0
Phrae,2026-10-10 02:00:00,0.0
Phrae,2026-10-10 03:00:00,0.0
Phrae,2026-10-10 04:00:00,0.0
Phrae,2026-10-10 05:00:00,0.0
Phrae,2026-10-10 06:00:00,0.0
Phrae,2026-10-10 07:00:00,0.0
Phrae,2026-10-10 08:00:00,0.0
Phrae,2026-10-10 09:00:00,0.0
Phrae,2026-10-10 10:00:00,0.0
Phrae,2026-10-10 11:00:00,0.0
Phrae,2026-10-10 12:00:00,0.0
Phrae,2026-10-10 13:00:00,0.0
Phrae,2026-10-10 14:00:00,0.0
Phrae,2026-10-10 15:00:00,0.0
Phrae,2026-10-10 16:00:00,0.0
Phrae,2026-10-10 17:00:00,0.0
Phrae,2026-10-10 18:00:00,0.0
Phrae,2026-10-10 19:00:00,0.0
Phrae,2026-10-10 20:00:00,0.0
Phrae,2026-10-10 21:00:00,0.0
Phrae,2026-10-10 22:00:00,0.0
Phrae,2026-10-10 23:00:00,0.0
